customer_id,recency_days,num_orders,total_revenue,avg_order_value,avg_items_per_order,profit_margin,total_profit,n_unique_products,avg_discount,Cluster
AA-10315,184,11,5563.56,505.77818181818185,2.727272727272727,-0.06522487400153858,-362.8825,11,0.09090909090909091,1
AA-10375,19,15,1056.39,70.426,2.7333333333333334,0.26257575327293897,277.3824,15,0.08000000000000002,1
AA-10480,259,12,1790.5120000000002,149.20933333333335,3.0,0.24340937117427863,435.8274,12,0.016666666666666666,1
AA-10645,55,18,5086.9349999999995,282.60749999999996,3.5555555555555554,0.16862871257446777,857.8033,18,0.06388888888888888,0
AB-10015,415,6,886.156,147.69266666666667,2.1666666666666665,0.14596357751908243,129.3465,6,0.06666666666666667,1
AB-10060,54,18,7755.62,430.86777777777775,3.111111111111111,0.26491608665715954,2054.5885,17,0.044444444444444446,0
AB-10105,41,20,14473.570999999998,723.6785499999999,3.65,0.3761895043040865,5444.8055,20,0.24,0
AB-10150,41,12,966.71,80.55916666666667,3.0833333333333335,0.3244610069203794,313.6597,12,0.13333333333333333,1
AB-10165,25,14,1113.838,79.55985714285714,3.4285714285714284,0.19824516671185577,220.813,14,0.13571428571428573,1
AB-10255,166,14,914.5319999999999,65.32371428571427,2.7857142857142856,0.2892927748837657,264.5675,14,0.1,1
AB-10600,50,8,1515.862,189.48275,4.75,-0.18138880716054626,-274.9604,8,0.375,1
AC-10420,232,5,925.8,185.16,3.4,-0.06711406351263773,-62.1342,5,0.32,1
AC-10450,11,9,5527.846,614.205111111111,4.777777777777778,0.2471143009410899,1366.0098,9,0.18888888888888888,0
AC-10615,6,18,2537.6859999999997,140.98255555555554,3.2777777777777777,0.11775582164223627,298.8273,18,0.1111111111111111,0
AC-10660,282,6,657.316,109.55266666666667,2.6666666666666665,-0.04366301748321963,-28.700399999999995,6,0.18333333333333335,1
AD-10180,29,12,6106.88,508.9066666666667,3.3333333333333335,0.3062004493292811,1869.9294,12,0.05833333333333333,0
AF-10870,41,16,2052.908,128.30675,3.1875,0.1548881878778786,317.9712,16,0.2,1
AF-10885,415,7,861.565,123.0807142857143,5.285714285714286,-0.18932698055283118,-163.1175,7,0.2571428571428572,1
AG-10270,278,14,2582.898,184.4927142857143,4.142857142857143,0.2836890577947716,732.7399,14,0.014285714285714287,0
AG-10300,118,5,367.548,73.5096,3.2,0.1613079108034869,59.288399999999996,5,0.08,1
AG-10330,8,9,660.972,73.44133333333333,5.222222222222222,-0.00777203875504561,-5.137100000000006,9,0.23333333333333334,1
AG-10390,114,8,200.945,25.118125,4.125,0.3447629948493369,69.2784,8,0.22499999999999998,1
AG-10495,78,21,2356.855,112.23119047619048,4.428571428571429,0.12544972007187546,295.6668,21,0.20476190476190476,0
AG-10525,845,9,1455.038,161.6708888888889,3.6666666666666665,-0.10498784224192083,-152.7613,9,0.15555555555555556,1
AG-10675,97,15,3489.0396000000005,232.60264000000004,3.6,-0.07062851909161479,-246.42570000000003,15,0.16133333333333333,1
AG-10765,77,5,170.584,34.1168,4.0,-0.049424330535102944,-8.431000000000001,5,0.45999999999999996,1
AG-10900,96,21,4510.797,214.79985714285712,4.380952380952381,0.07619105891929963,343.6824,21,0.16666666666666666,0
AH-10030,12,11,1744.7,158.60909090909092,4.909090909090909,0.20932836590817905,365.2152,11,0.09090909090909091,1
AH-10075,34,20,3250.337,162.51685,3.75,0.08651072181130758,281.189,20,0.135,0
AH-10120,60,16,1735.5140000000001,108.46962500000001,4.0625,-0.0013336682965392253,-2.3145999999999773,16,0.23750000000000002,1
AH-10195,55,8,1587.452,198.4315,3.5,-0.23846447010681268,-378.5509,8,0.35,1
AH-10210,6,13,4805.344,369.64184615384613,4.076923076923077,0.2723123672311493,1308.5546,13,0.09230769230769233,0
AH-10465,230,8,2495.3916,311.92395,4.375,-0.0785929150358605,-196.12009999999998,8,0.14,1
AH-10585,21,5,738.504,147.70080000000002,3.4,0.11369335846522159,83.96300000000001,5,0.12000000000000002,1
AH-10690,410,23,7888.294,342.9693043478261,4.434782608695652,0.1645497239327033,1298.0166,23,0.21739130434782608,0
AI-10855,13,18,4375.786,243.09922222222224,4.0,0.19830199648703115,867.7271000000001,18,0.07222222222222223,0
AJ-10780,75,15,4867.344,324.4896,4.133333333333334,0.030964115131373506,150.71300000000005,15,0.08666666666666667,0
AJ-10795,166,21,4501.391,214.35195238095235,4.190476190476191,0.25741074259045704,1158.7064,21,0.08333333333333333,0
AJ-10945,85,10,1839.24,183.924,4.0,0.2833426850220743,521.1351999999999,10,0.04,1
AJ-10960,74,5,629.2479999999999,125.84959999999998,4.4,0.0960297052990236,60.4265,5,0.04,1
AM-10360,28,12,814.012,67.83433333333333,4.0,0.2395392205520312,194.9878,12,0.125,1
AM-10705,162,22,5664.022,257.4555454545455,3.6818181818181817,0.19168933312759026,1085.7326,22,0.06363636363636363,0
AO-10810,501,1,161.28,161.28,2.0,0.075,12.096,1,0.2,1
AP-10720,41,19,1638.554,86.23968421052632,4.473684210526316,0.17441524661378263,285.7888,19,0.1631578947368421,0
AP-10915,98,31,3323.556,107.21148387096774,3.2903225806451615,0.1743046604299732,579.3113,30,0.09354838709677421,0
AR-10345,111,5,1055.694,211.1388,3.6,-0.20939249441599553,-221.0544,5,0.26,1
AR-10405,125,7,2236.128,319.44685714285714,4.142857142857143,-0.04416768628629488,-98.7646,7,0.09999999999999999,1
AR-10510,14,7,264.86400000000003,37.83771428571429,4.714285714285714,0.16487518122508152,43.6695,7,0.21428571428571427,1
AR-10540,6,9,6608.448,734.272,3.6666666666666665,0.4365050311359036,2884.6208,9,0.06666666666666668,0
AR-10570,534,2,88.15,44.075,3.0,0.3701985252410664,32.633,2,0.0,1
AR-10825,58,13,4523.336,347.9489230769231,4.153846153846154,0.10939607404800349,494.83519999999993,13,0.07692307692307693,0
AS-10045,88,10,3050.692,305.0692,4.8,-0.08312035433272189,-253.57459999999998,10,0.355,1
AS-10090,28,25,3255.31,130.2124,3.24,0.019825270097164317,64.53739999999998,24,0.18,0
AS-10135,41,3,58.82,19.606666666666666,3.0,0.37146548792927575,21.8496,3,0.06666666666666667,1
AS-10225,22,13,4260.784,327.75261538461535,3.1538461538461537,0.1689302015779256,719.7751000000001,13,0.06153846153846154,0
AS-10240,192,13,584.6080000000001,44.969846153846156,3.0,0.05767249165252612,33.715799999999994,13,0.2692307692307692,1
AS-10285,19,8,3214.236,401.7795,4.875,0.11033029310853343,354.62760000000003,8,0.225,1
AS-10630,92,12,833.398,69.44983333333333,2.8333333333333335,0.16377757086050124,136.49190000000002,10,0.18333333333333335,1
AT-10435,21,9,1171.814,130.20155555555556,3.111111111111111,0.08608601706414158,100.87680000000002,9,0.19999999999999998,1
AT-10735,13,16,3831.864,239.4915,3.75,0.25421231024900676,974.107,16,0.08750000000000001,0
AW-10840,20,8,649.376,81.172,3.0,0.10128569580643573,65.77250000000001,8,0.2,1
AW-10930,46,16,2852.968,178.3105,4.25,-0.036645556487139005,-104.5486,16,0.30625,1
AY-10555,14,10,497.014,49.7014,3.4,0.2079416273988258,103.3499,10,0.1,1
AZ-10750,160,12,1622.0179999999998,135.16816666666665,3.3333333333333335,0.09552933444635017,154.9503,12,0.125,1
BB-10990,105,8,744.3399999999999,93.04249999999999,3.25,0.015562646102587539,11.583900000000007,8,0.2,1
BB-11545,28,20,6765.728,338.2864,4.15,0.1500318960502107,1015.0749999999999,20,0.195,0
BC-11125,202,18,2933.676,162.982,3.3333333333333335,0.08576182236893236,251.5974,18,0.1111111111111111,0
BD-11320,33,19,5718.521,300.9747894736842,3.9473684210526314,0.19139628935523714,1094.5037,19,0.07894736842105263,0
BD-11500,35,10,4411.2429999999995,441.12429999999995,4.9,0.25891171717359485,1142.1225,10,0.135,0
BD-11560,278,4,320.54,80.135,2.75,0.36411680289511444,116.714,4,0.0,1
BD-11605,97,20,3288.471,164.42355,3.7,0.19305212057518525,634.8463,20,0.0725,0
BD-11620,69,8,1538.11,192.26375,3.375,0.13442270058708414,206.75689999999997,8,0.17500000000000002,1
BD-11635,9,5,582.646,116.52919999999999,3.8,0.24291593866601682,141.53400000000002,5,0.1,1
BD-11725,93,10,1526.5,152.65,2.9,0.21878748771699968,333.9791,10,0.02,1
BD-11770,327,10,658.466,65.8466,2.1,0.21453651365446352,141.265,10,0.12000000000000002,1
BE-11335,119,9,4204.676,467.1862222222223,3.888888888888889,0.3538379413776472,1487.7739000000001,9,0.022222222222222223,0
BE-11410,98,5,2261.438,452.2876,3.8,0.3342630220240395,755.9150999999999,5,0.16,1
BE-11455,254,13,1727.652,132.8963076923077,3.076923076923077,0.08057224487338886,139.20080000000002,13,0.14615384615384613,1
BF-10975,91,13,599.798,46.13830769230769,2.923076923076923,0.3791916611926015,227.4384,13,0.14615384615384613,1
BF-11005,39,10,1333.88,133.388,2.6,-0.2184462620325666,-291.38109999999995,10,0.18,1
BF-11020,74,21,2888.506,137.54790476190476,3.7142857142857144,0.10455924273655655,302.02,21,0.2571428571428572,0
BF-11080,25,6,272.95,45.49166666666667,4.833333333333333,0.406401172375893,110.9272,6,0.0,1
BF-11170,16,27,5907.972,218.81377777777777,3.7777777777777777,0.26036221904910856,1538.2127,27,0.12222222222222222,0
BF-11215,65,8,1585.162,198.14525,6.0,0.3300692926022703,523.2133,8,0.05,1
BF-11275,57,4,791.9899999999999,197.99749999999997,2.75,0.03266480637381785,25.870199999999997,4,0.15000000000000002,1
BG-11035,28,12,2798.948,233.24566666666666,2.9166666666666665,-0.254176712107549,-711.4274,12,0.19166666666666665,1
BG-11695,36,8,1874.172,234.2715,3.0,0.05739681309933133,107.5715,8,0.1375,1
BG-11740,57,7,1006.356,143.76514285714285,3.142857142857143,0.11859411579997536,119.34790000000001,7,0.14285714285714285,1
BH-11710,23,24,6255.351,260.63962499999997,4.041666666666667,0.12833649142949774,802.7898,24,0.18333333333333335,0
BK-11260,77,16,659.1379999999999,41.196124999999995,3.625,-0.09673907436682455,-63.764399999999995,16,0.20625000000000002,1
BM-11140,307,16,11789.63,736.851875,4.0,-0.14079815057809278,-1659.9580999999998,16,0.16875,0
BM-11575,100,10,808.162,80.81620000000001,2.2,0.1182703467869066,95.58160000000001,9,0.18,1
BM-11650,33,29,7294.185,251.5236206896552,3.2758620689655173,0.3015111489494714,2199.2781,28,0.08448275862068966,0
BM-11785,218,14,1338.842,95.63157142857143,3.142857142857143,0.10288286444554323,137.7439,14,0.25,1
BN-11470,24,6,265.296,44.216,2.5,0.13800848863156626,36.6131,6,0.16666666666666666,1
BN-11515,9,17,1459.344,85.84376470588235,4.647058823529412,0.23346476224933943,340.7054,17,0.023529411764705882,0
BO-11350,137,12,2682.728,223.56066666666666,3.5833333333333335,0.1039154919917338,278.77700000000004,12,0.2333333333333333,1
BO-11425,75,2,130.83,65.415,3.5,0.4544232974088511,59.4522,2,0.0,1
BP-11050,83,7,983.42,140.48857142857142,4.285714285714286,0.21331984299688844,209.78300000000002,7,0.14285714285714285,1
BP-11095,17,20,2442.044,122.1022,3.5,0.17770977918497785,433.9751,19,0.165,0
BP-11155,89,11,1697.8609999999999,154.351,2.909090909090909,0.38129428734154336,647.3847000000001,11,0.0818181818181818,1
BP-11185,1,18,3675.861,204.2145,3.8333333333333335,0.09891535615737375,363.5991,18,0.19444444444444445,0
BP-11230,39,6,1181.49,196.915,2.3333333333333335,-0.1669667115252774,-197.2695,6,0.06666666666666667,1
BP-11290,12,16,2475.157,154.6973125,3.1875,-0.12890644916665892,-319.0637,16,0.3,1
BS-11365,558,9,10501.653,1166.8503333333333,4.333333333333333,0.24910977348042254,2616.0643999999998,9,0.011111111111111112,0
BS-11380,28,13,3887.834,299.06415384615383,4.461538461538462,-0.0045095032349632275,-17.532200000000024,13,0.27692307692307694,1
BS-11590,35,10,2454.928,245.4928,4.1,0.15551604772115518,381.7807,10,0.3,1
BS-11665,582,11,3288.1099999999997,298.91909090909087,4.2727272727272725,0.07260608677933525,238.73680000000002,11,0.18181818181818182,1
BS-11755,1,14,2562.382,183.0272857142857,3.2142857142857144,-0.04421604585108701,-113.29840000000003,14,0.13214285714285715,1
BS-11800,265,8,949.4300000000001,118.67875000000001,2.75,0.20438747459001716,194.0516,8,0.0,1
BT-11305,336,9,2567.656,285.2951111111111,3.6666666666666665,0.16263541533601072,417.5918,9,0.044444444444444446,1
BT-11395,302,10,2186.6130000000003,218.66130000000004,3.8,0.11795242230792552,257.9163,10,0.15,1
BT-11440,560,7,603.876,86.268,2.2857142857142856,-0.12837999854274718,-77.5256,7,0.15714285714285717,1
BT-11485,659,3,415.19599999999997,138.39866666666666,3.6666666666666665,0.30556508251524583,126.8694,3,0.06666666666666667,1
BT-11530,91,10,2684.4919999999997,268.44919999999996,4.4,0.15254219420285103,409.4983,10,0.1,1
BT-11680,20,20,3196.752,159.8376,4.4,0.14006353949258496,447.74839999999995,20,0.07,0
BV-11245,334,14,1523.2730000000001,108.8052142857143,3.5,0.20693690494087402,315.2214,14,0.09285714285714285,1
BW-11065,212,3,385.516,128.50533333333334,2.6666666666666665,-0.15119113084800628,-58.28659999999999,3,0.13333333333333333,1
BW-11110,121,17,4750.358,279.4328235294118,4.352941176470588,0.1939343097930724,921.2574,17,0.1411764705882353,0
BW-11200,203,10,1738.406,173.8406,4.9,0.14208263202036808,246.9973,10,0.15,1
CA-11965,96,10,3789.7228,378.97228,2.9,0.30170589257873953,1143.3817,10,0.11200000000000002,1
CA-12055,401,10,1679.7240000000002,167.97240000000002,4.9,0.1257682214459042,211.2559,10,0.3,1
CA-12265,56,17,2648.2872,155.78160000000003,3.823529411764706,0.1055845831222535,279.6183,17,0.18941176470588236,0
CA-12310,13,11,1421.954,129.26854545454546,2.272727272727273,0.1730167079947734,246.02179999999998,11,0.11818181818181818,1
CA-12775,120,17,3041.566,178.9156470588235,4.235294117647059,0.06723164974884649,204.48950000000002,17,0.18823529411764706,0
CB-12025,47,26,6076.139,233.69765384615386,4.6923076923076925,0.024721109902192822,150.2089,25,0.16346153846153846,0
CB-12415,26,12,1949.2,162.43333333333334,3.6666666666666665,0.13974363841576032,272.3883,12,0.3333333333333333,1
CB-12535,197,19,4246.4555,223.49765789473685,3.8947368421052633,0.24716145029660616,1049.5601,19,0.05,0
CC-12100,457,13,1770.945,136.22653846153847,3.5384615384615383,0.11778525024774908,208.5912,13,0.21538461538461537,1
CC-12145,106,11,2471.65,224.69545454545457,2.8181818181818183,0.15871280318815367,392.2825,11,0.08181818181818182,1
CC-12220,20,22,3913.418,177.88263636363638,3.6818181818181817,0.10066949147778233,393.9618,22,0.11818181818181818,0
CC-12370,43,11,12129.072000000002,1102.6429090909094,3.090909090909091,0.1794901786385636,2177.0493,11,0.2818181818181818,0
CC-12430,0,19,2870.05,151.05526315789476,3.3157894736842106,0.14796198672496993,424.6583,18,0.05789473684210527,0
CC-12475,39,13,1659.438,127.64907692307693,3.076923076923077,0.09331532723729358,154.851,13,0.16153846153846155,1
CC-12550,27,4,113.832,28.458,3.5,0.29754901960784313,33.870599999999996,4,0.15000000000000002,1
CC-12610,34,12,2540.631,211.71925,3.25,0.1304534188553946,331.434,12,0.27499999999999997,1
CC-12670,29,14,2269.7015,162.12153571428573,3.357142857142857,0.08275973734872184,187.8399,14,0.16785714285714287,1
CC-12685,799,12,2854.1150000000002,237.8429166666667,4.25,0.29787135416757904,850.1591,12,0.25,1
CD-11920,40,9,2033.968,225.99644444444445,3.888888888888889,0.2097678036232625,426.661,9,0.044444444444444446,1
CD-11980,54,6,639.766,106.62766666666666,3.6666666666666665,-0.32311376346976867,-206.7172,6,0.43333333333333335,1
CD-12280,42,13,1205.584,92.73723076923078,3.0,0.19329005693506215,233.0274,13,0.08461538461538462,1
CD-12790,399,15,1860.732,124.0488,3.2666666666666666,0.21703404896567588,403.8422,15,0.02666666666666667,1
CG-12040,49,9,904.4680000000001,100.49644444444445,4.111111111111111,0.09564804946111967,86.5106,9,0.18888888888888888,1
CG-12520,338,5,1148.7800000000002,229.75600000000003,2.8,0.14792597364160234,169.93439999999998,5,0.2,1
CH-12070,691,4,1537.236,384.309,3.25,0.12694934284651152,195.15109999999999,4,0.15000000000000002,1
CJ-11875,365,1,16.52,16.52,5.0,0.09999999999999999,1.652,1,0.2,1
CJ-12010,189,20,11164.974,558.2487,4.15,0.07691387369106278,858.7414,20,0.1885,0
CK-12205,39,32,3154.855,98.58921875,3.8125,0.04478275546736696,141.2831,32,0.234375,0
CK-12325,120,12,2945.321,245.44341666666665,3.8333333333333335,0.08869012919135132,261.22090000000003,12,0.18333333333333335,1
CK-12595,43,25,2372.75,94.91,4.32,0.20976074175534717,497.70980000000003,24,0.184,0
CK-12760,82,14,1582.109,113.0077857142857,4.571428571428571,-0.21391136767441435,-338.4311,14,0.15,1
CL-11890,106,7,1262.0140000000001,180.28771428571432,3.4285714285714284,0.25996914455782577,328.0847,7,0.05714285714285715,1
CL-12565,284,28,10880.546,388.5909285714286,3.7857142857142856,0.17772849818382275,1933.7830999999999,28,0.1142857142857143,0
CL-12700,105,8,2353.586,294.19825,4.25,0.0973025417384366,229.00990000000002,8,0.1875,1
CM-11815,131,10,1673.888,167.3888,3.8,0.12812267009501233,214.463,10,0.12000000000000002,1
CM-11935,708,4,565.392,141.348,4.5,-0.07734881285904294,-43.732400000000005,4,0.2,1
CM-12115,8,7,1661.6100000000001,237.37285714285716,5.0,0.24618767340109893,409.0679,7,0.028571428571428574,1
CM-12160,26,7,2533.314,361.902,3.2857142857142856,-0.15567300382029234,-394.3686,7,0.24285714285714285,1
CM-12190,8,7,1475.144,210.73485714285715,3.0,0.061826709799178925,91.2033,7,0.07142857142857142,1
CM-12235,385,8,2305.712,288.214,3.5,0.15831929573164386,365.0387,8,0.07500000000000001,1
CM-12385,37,10,8954.019999999999,895.4019999999998,3.4,0.4355463132760481,3899.8903999999998,10,0.12,0
CM-12445,436,9,287.99,31.99888888888889,3.5555555555555554,0.2237216570019792,64.4296,9,0.07777777777777778,1
CM-12655,27,10,6339.5576,633.95576,4.2,0.24803915339455232,1572.4585,10,0.072,0
CM-12715,1035,13,3984.4524,306.49633846153847,4.384615384615385,0.04424969413613775,176.3108,13,0.30923076923076925,1
CP-12085,82,14,5402.254,385.8752857142857,4.071428571428571,0.07904585752539588,427.0258,14,0.14285714285714285,0
CP-12340,160,15,5888.275,392.5516666666666,3.933333333333333,-0.31423513677605075,-1850.3029000000001,15,0.21333333333333335,1
CR-12580,57,6,2148.852,358.142,5.333333333333333,0.03462374328245966,74.40129999999999,6,0.13333333333333333,1
CR-12625,470,4,475.9,118.975,3.5,0.3041802899768859,144.7594,4,0.0,1
CR-12730,78,6,1600.55,266.7583333333333,3.0,0.19175758333073006,306.9176,6,0.26666666666666666,1
CR-12820,85,7,1397.8724,199.69605714285714,3.7142857142857144,0.059569314051840495,83.27029999999999,7,0.13142857142857142,1
CS-11845,91,8,1278.954,159.86925,2.75,0.14494469699457527,185.3776,8,0.275,1
CS-11860,162,7,537.632,76.80457142857142,2.2857142857142856,0.19684003184334267,105.8275,7,0.2285714285714286,1
CS-11950,25,22,3036.547,138.02486363636365,3.090909090909091,-0.04163357260730692,-126.4223,22,0.2636363636363636,0
CS-12130,489,7,884.64,126.37714285714286,4.0,0.1625903192258998,143.8339,7,0.1142857142857143,1
CS-12175,232,8,844.4580000000001,105.55725000000001,3.75,0.13398002032072642,113.1405,8,0.1625,1
CS-12250,26,28,2754.216,98.36485714285713,3.4642857142857144,0.2680844930099891,738.3626,28,0.05714285714285715,0
CS-12355,6,22,3202.1620000000003,145.5528181818182,3.3636363636363638,0.25980671808609307,831.9432,22,0.08181818181818182,0
CS-12400,2,14,3651.8585000000003,260.8470357142857,3.357142857142857,-0.09387091531613287,-342.80330000000004,13,0.21428571428571427,1
CS-12460,27,6,550.644,91.774,2.1666666666666665,0.2837755428189538,156.2593,6,0.06666666666666667,1
CS-12490,424,9,1077.2285,119.69205555555556,3.6666666666666665,-0.2811623532054713,-302.8761,9,0.25,1
CS-12505,58,9,5690.054999999999,632.2283333333332,4.444444444444445,-1.1645563179969263,-6626.389499999999,9,0.19999999999999998,1
CT-11995,96,18,3241.898,180.10544444444446,3.3333333333333335,0.04973207053398964,161.22629999999995,18,0.16111111111111112,0
CV-12295,254,13,2830.6279999999997,217.74061538461535,4.153846153846154,0.17419671535786407,493.0861,13,0.07692307692307693,1
CV-12805,5,19,2370.3136,124.75334736842105,3.263157894736842,0.041765570597915816,98.99749999999999,19,0.2431578947368421,0
CW-11905,22,11,1136.592,103.32654545454547,3.6363636363636362,0.32626465785435754,370.8298,11,0.09090909090909091,1
CY-12745,60,11,2900.026,263.63872727272724,3.909090909090909,0.02091246768132424,60.64670000000001,11,0.2,1
Co-12640,549,8,1300.076,162.5095,3.75,0.1581662918167861,205.62820000000002,8,0.175,1
DA-13450,352,8,156.76,19.595,3.375,0.3622760908394999,56.7904,8,0.125,1
DB-12910,21,12,2171.599,180.96658333333335,3.9166666666666665,0.1986438564394255,431.3748,12,0.15416666666666667,1
DB-12970,241,14,2839.2272,202.80194285714285,3.0714285714285716,0.07502143541031164,213.00289999999998,14,0.16571428571428573,1
DB-13060,16,13,4531.646,348.58815384615383,3.6923076923076925,0.10438308729322635,473.0272,13,0.1846153846153846,0
DB-13120,48,14,2973.094,212.36385714285714,4.214285714285714,-0.4782119906064187,-1421.7692,14,0.14285714285714285,1
DB-13210,9,21,2332.577,111.07509523809524,3.5714285714285716,0.0728670050334887,169.9679,21,0.18571428571428572,0
DB-13270,53,13,4655.897,358.14592307692305,4.0,0.1808086390227275,841.8263999999999,13,0.2076923076923077,0
DB-13360,264,6,1081.466,180.24433333333332,4.666666666666667,0.269087054054404,291.0085,6,0.08333333333333333,1
DB-13405,187,14,1711.692,122.26371428571429,4.428571428571429,0.2564183275963199,438.9092,14,0.028571428571428574,1
DB-13555,107,14,3908.8028,279.2002,4.357142857142857,0.027969433505317796,109.32700000000001,14,0.15142857142857144,0
DB-13615,33,11,1989.05,180.82272727272726,3.727272727272727,0.22060843116060427,438.80119999999994,11,0.14545454545454548,1
DB-13660,12,10,1155.202,115.5202,3.3,0.1538029712552437,177.67350000000002,10,0.16,1
DC-12850,37,18,3336.168,185.34266666666667,3.5555555555555554,-0.4321219135247385,-1441.6312999999998,18,0.21111111111111114,1
DC-13285,23,7,1174.618,167.8025714285714,5.285714285714286,0.11243502142824308,132.06820000000002,7,0.07857142857142858,1
DD-13570,41,9,269.542,29.949111111111108,3.6666666666666665,0.1351715131593592,36.4344,9,0.24444444444444446,1
DE-13255,719,9,2550.874,283.43044444444445,4.222222222222222,0.18208323892124817,464.47139999999996,9,0.1111111111111111,1
DF-13135,700,6,2390.534,398.42233333333337,3.8333333333333335,-0.10847354607798927,-259.3097,6,0.2833333333333334,1
DG-13300,32,8,3195.818,399.47725,4.875,0.17609766889103196,562.7761,8,0.1,1
DH-13075,277,23,4932.872,214.47269565217394,3.5217391304347827,0.24199703539844533,1193.7404,23,0.0782608695652174,0
DH-13675,776,11,1043.096,94.8269090909091,3.727272727272727,0.11184684822873446,116.667,11,0.12272727272727274,1
DJ-13420,637,5,2012.52,402.504,4.0,0.24001500606205153,483.03499999999997,5,0.0,1
DJ-13510,48,13,2501.6879999999996,192.43753846153842,4.0,0.13800765722983843,345.2521,13,0.06923076923076923,1
DJ-13630,12,8,3356.398,419.54975,5.375,0.2179611595525918,731.5644,8,0.0625,1
DK-12835,21,27,3256.48,120.61037037037038,3.185185185185185,0.27057522232594705,881.1228000000001,27,0.17777777777777778,0
DK-12895,45,15,4282.176,285.4784,4.333333333333333,0.21896568473598466,937.6496,15,0.08000000000000002,0
DK-12985,7,8,1687.04,210.88,4.0,-0.06363441293626707,-107.35379999999998,8,0.1625,1
DK-13090,42,13,2650.557,203.88899999999998,2.5384615384615383,0.2023701056042183,536.3935,13,0.13846153846153847,1
DK-13150,10,5,797.832,159.5664,4.0,0.31327986342989506,249.9447,5,0.12000000000000002,1
DK-13225,10,19,4802.394,252.75757894736844,3.6842105263157894,0.04370724267938033,209.89940000000004,19,0.19473684210526318,0
DK-13375,19,23,3318.486,144.28199999999998,3.347826086956522,0.11363010119675057,377.0799,23,0.10869565217391304,0
DL-12865,100,14,1503.112,107.36514285714286,3.642857142857143,0.21438515559718768,322.2449,14,0.15,1
DL-12925,57,14,3272.2,233.72857142857143,3.0714285714285716,0.0012875741091620406,4.213200000000029,14,0.03571428571428571,1
DL-13315,22,17,1458.258,85.77988235294117,4.352941176470588,0.19809471300688902,288.8732,17,0.1823529411764706,0
DL-13330,57,8,585.02,73.1275,4.0,0.38063861064578985,222.6812,8,0.05,1
DL-13495,76,12,3539.322,294.94350000000003,2.75,-0.014914720955030361,-52.78799999999997,12,0.05000000000000001,1
DM-12955,114,9,1322.034,146.89266666666668,3.111111111111111,0.08226588726159842,108.7583,9,0.16666666666666666,1
DM-13015,57,20,6345.103,317.25515,4.35,0.2643602633400908,1677.3931,19,0.22999999999999998,0
DM-13345,22,13,4074.4719999999998,313.42092307692303,3.1538461538461537,0.32373730878504015,1319.0586,13,0.1,0
DM-13525,481,10,1376.792,137.67919999999998,3.3,0.1450972986478713,199.7688,10,0.16999999999999998,1
DN-13690,217,11,2139.79,194.52636363636364,3.727272727272727,0.25261380789703664,540.5405000000001,11,0.018181818181818184,1
DO-13435,133,13,1300.0315,100.00242307692308,3.6923076923076925,-0.029928967105797056,-38.90860000000001,13,0.15769230769230771,1
DO-13645,26,11,1267.316,115.21054545454545,3.272727272727273,0.23203968071104603,294.0676,10,0.09090909090909091,1
DP-13000,126,17,1050.636,61.80211764705882,3.411764705882353,0.22981546415694876,241.4524,17,0.2117647058823529,1
DP-13105,6,14,2215.002,158.21442857142856,4.5,0.2542553460448343,563.1761,14,0.1142857142857143,0
DP-13165,812,4,1058.616,264.654,5.0,-0.03867086837909118,-40.93759999999999,4,0.15000000000000002,1
DP-13390,358,14,5480.723999999999,391.4802857142857,3.5714285714285716,0.28679273030351465,1571.8318,14,0.18571428571428572,0
DR-12880,3,24,6528.034000000001,272.00141666666667,4.291666666666667,0.25150930586452214,1641.8613,24,0.13333333333333333,0
DR-12940,50,13,8350.868,642.3744615384616,4.384615384615385,0.3435662017409447,2869.0759999999996,13,0.15384615384615383,0
DS-13030,93,19,1762.213,92.74805263157894,2.8421052631578947,0.10970972294495614,193.3319,19,0.1394736842105263,0
DS-13180,23,20,2881.8128,144.09064,3.4,0.05680427958401739,163.6993,20,0.15350000000000003,0
DV-13045,19,9,1119.483,124.387,3.111111111111111,-0.38159043058268866,-427.184,9,0.17222222222222222,1
DV-13465,29,15,3341.587,222.77246666666667,4.133333333333334,0.10570208107704512,353.2127,15,0.11333333333333334,0
DW-13195,69,9,1080.751,120.08344444444444,4.333333333333333,-0.0803828078808162,-86.87379999999999,9,0.24444444444444446,1
DW-13480,217,11,5271.628,479.2389090909091,3.4545454545454546,0.2558518165545824,1348.7556,11,0.03636363636363637,0
DW-13540,98,9,344.08,38.23111111111111,2.3333333333333335,0.2024738432922576,69.6672,9,0.17777777777777778,1
DW-13585,242,10,1204.854,120.4854,4.4,-0.221517793857181,-266.8966,10,0.17,1
Dl-13600,119,6,755.602,125.93366666666667,3.1666666666666665,0.2319194496573593,175.2388,6,0.21666666666666667,1
Dp-13240,84,29,7198.7609999999995,248.23313793103446,3.413793103448276,0.04630863561104473,333.36479999999995,29,0.18620689655172415,0
EA-14035,152,25,2846.705,113.8682,3.48,-0.018526893373215694,-52.74059999999998,24,0.3,0
EB-13705,48,12,3644.978,303.7481666666667,4.583333333333333,0.0037370595926779267,13.621500000000005,12,0.25833333333333336,1
EB-13750,35,20,3236.314,161.8157,4.55,-0.02480785239009564,-80.28599999999999,20,0.145,0
EB-13840,90,8,4358.128,544.766,5.125,0.1505689598836932,656.1988,8,0.125,1
EB-13870,100,11,2767.219,251.56536363636363,3.727272727272727,0.0945105898738047,261.5315,11,0.29090909090909095,1
EB-13930,161,7,944.6000000000001,134.94285714285715,3.4285714285714284,0.0006396358246877046,0.6042000000000058,7,0.17142857142857143,1
EB-13975,0,6,1643.255,273.87583333333333,3.0,0.09911918722292035,162.8781,6,0.2833333333333333,1
EB-14110,113,11,3071.126,279.19327272727276,2.727272727272727,0.06016216853362578,184.7656,11,0.2090909090909091,1
EB-14170,82,7,1186.326,169.47514285714286,2.857142857142857,0.23785207438764722,282.1701,7,0.2285714285714286,1
EC-14050,53,7,461.914,65.98771428571429,5.285714285714286,0.20875227856267617,96.4256,7,0.09999999999999999,1
ED-13885,135,14,3484.92,248.92285714285714,3.857142857142857,0.19238418672451593,670.4435000000001,14,0.21428571428571427,0
EG-13900,22,9,1832.02,203.55777777777777,4.888888888888889,0.05691291579786247,104.2656,9,0.2,1
EH-13765,135,32,10310.880000000001,322.21500000000003,3.75,0.13514999689648216,1393.5154,32,0.07187500000000001,0
EH-13945,217,17,684.1709999999999,40.24535294117646,4.235294117647059,0.07825499765409527,53.53980000000001,17,0.29411764705882354,1
EH-13990,405,8,825.9499999999999,103.24374999999999,2.5,0.1820641685332042,150.3759,8,0.0625,1
EH-14005,2,11,1219.53,110.86636363636363,4.545454545454546,-0.07719432896279713,-94.14079999999997,11,0.17272727272727273,1
EH-14125,152,18,3082.653,171.2585,4.222222222222222,0.031229658349480136,96.27019999999999,18,0.20555555555555557,0
EH-14185,105,8,923.884,115.4855,2.75,0.26205746608881636,242.1107,8,0.28750000000000003,1
EJ-13720,302,8,2162.174,270.27175,3.875,0.17899466000423647,387.0176,8,0.175,1
EJ-14155,57,8,2656.691,332.086375,3.875,0.17008959641900398,451.87550000000005,8,0.0625,1
EK-13795,44,4,1303.478,325.8695,4.5,0.07449807361535828,97.10659999999999,4,0.0875,1
EL-13735,77,2,124.28,62.14,4.5,0.21817991631799163,27.1154,2,0.0,1
EM-13810,132,7,2567.0099999999998,366.7157142857142,3.2857142857142856,-0.052133610698828596,-133.8275,7,0.14285714285714285,1
EM-13825,55,16,2339.598,146.224875,3.5625,0.2917399484868768,682.5541999999999,16,0.0625,0
EM-13960,151,6,933.704,155.61733333333333,3.0,0.10955934643098883,102.29599999999999,5,0.2333333333333333,1
EM-14065,47,6,228.99,38.165,3.6666666666666665,0.17535525568802124,40.15459999999999,6,0.25,1
EM-14095,113,10,1041.0420000000001,104.10420000000002,3.4,0.23076513723749856,240.2362,10,0.1,1
EM-14140,48,21,4588.436000000001,218.49695238095242,3.5238095238095237,0.2875414411359339,1319.3655,21,0.06666666666666668,0
EM-14200,158,4,366.822,91.7055,3.25,0.05935331032489872,21.7721,4,0.125,1
EN-13780,287,9,2199.366,244.374,3.0,0.22557095999483487,496.1131,9,0.044444444444444446,1
EP-13915,12,31,5478.0608,176.71163870967743,4.0,0.026461517185059354,144.9578,30,0.19741935483870968,0
ER-13855,421,5,1245.788,249.1576,5.4,-0.2373917552585191,-295.7398,5,0.2,1
ES-14020,40,8,3510.4579999999996,438.80724999999995,3.875,0.285801311395835,1003.2935,8,0.125,1
ES-14080,28,20,4657.924,232.8962,3.85,0.052956231145033714,246.6661,20,0.26,0
FA-14230,97,17,2984.054,175.53258823529413,3.411764705882353,0.1744348125067442,520.5229,17,0.25882352941176473,0
FC-14245,70,14,3418.742,244.19585714285716,3.5714285714285716,0.3560275095342088,1217.1662000000001,14,0.1357142857142857,0
FC-14335,184,10,3889.366,388.9366,3.7,0.18365270843628498,714.2926,10,0.16,1
FG-14260,34,11,1383.144,125.74036363636364,4.363636363636363,0.2853930610261838,394.73969999999997,11,0.11818181818181818,1
FH-14275,37,21,4256.272,202.67961904761904,3.0952380952380953,0.2521614220143825,1073.2676,21,0.1285714285714286,0
FH-14350,212,14,2271.284,162.23457142857143,3.7142857142857144,0.3109646349817988,706.289,14,0.10714285714285714,1
FH-14365,5,13,6987.196,537.4766153846153,4.0,0.2934342474434666,2050.2826,13,0.13846153846153847,0
FM-14215,7,15,2456.638,163.77586666666667,3.2,0.10163516155005337,249.6808,15,0.09333333333333334,1
FM-14290,36,20,3736.198,186.8099,3.95,0.05302435791679134,198.10949999999997,20,0.18,0
FM-14380,145,14,2523.266,180.23328571428573,3.7857142857142856,0.07588966046385914,191.4898,14,0.15714285714285717,1
FO-14305,38,15,2678.438,178.56253333333333,4.0,0.08049351898382563,215.59689999999998,14,0.22,1
FP-14320,23,14,4046.746,289.0532857142857,3.857142857142857,0.1004380556625002,406.44730000000004,14,0.13571428571428573,0
FW-14395,362,3,79.75,26.583333333333332,3.0,0.2945617554858935,23.491300000000003,3,0.0,1
GA-14515,149,14,3919.7760000000003,279.98400000000004,3.4285714285714284,0.21452730972382095,840.899,14,0.0642857142857143,0
GA-14725,5,22,1398.382,63.56281818181819,3.590909090909091,0.09776148434404906,136.70790000000002,22,0.17954545454545456,0
GB-14530,62,20,1568.44,78.422,3.1,0.004996748361429193,7.837100000000003,19,0.16999999999999998,0
GB-14575,13,16,4716.288,294.768,3.9375,0.24083332061146398,1135.8393,16,0.037500000000000006,0
GD-14590,5,6,1888.07,314.67833333333334,4.166666666666667,0.12231395022430311,230.93729999999996,6,0.13333333333333333,1
GG-14650,43,24,2224.0,92.66666666666667,3.8333333333333335,0.005709757194244608,12.698500000000008,24,0.15,0
GH-14410,75,17,2819.4669999999996,165.85099999999997,3.823529411764706,-0.2045895554017834,-576.8335,17,0.27058823529411763,1
GH-14425,50,10,4172.8460000000005,417.28460000000007,5.1,0.2819222420381677,1176.4181,10,0.19,0
GH-14485,387,3,1361.2440000000001,453.74800000000005,5.0,-0.07011953771697065,-95.4498,3,0.4666666666666666,1
GH-14665,2,3,146.94080000000002,48.98026666666667,3.0,-0.03954109410048128,-5.810200000000001,3,0.24,1
GK-14620,112,14,6497.27,464.09071428571434,4.714285714285714,0.2229478688741579,1448.5525,14,0.15714285714285717,0
GM-14440,83,11,3582.8199999999997,325.71090909090907,3.909090909090909,0.09692532697707394,347.266,11,0.11818181818181818,1
GM-14455,16,12,3078.624,256.55199999999996,4.5,0.25767401280572105,793.2814000000001,12,0.16666666666666666,1
GM-14500,106,13,1255.682,96.59092307692308,4.076923076923077,0.3514572160785931,441.3185,13,0.11538461538461539,1
GM-14680,152,11,3163.628,287.60254545454546,2.8181818181818183,0.01121702678064551,35.48649999999999,11,0.14545454545454548,1
GM-14695,117,11,6049.966,549.9969090909091,4.0,0.031194142248072137,188.7235,11,0.05454545454545456,0
GP-14740,765,5,236.53,47.306,4.2,0.13460279879930664,31.837600000000002,5,0.13999999999999999,1
GR-14560,1135,5,1284.38,256.87600000000003,4.6,0.2801610115386412,359.83320000000003,5,0.0,1
GT-14635,56,6,9351.212,1558.5353333333333,4.333333333333333,-0.4393718054943039,-4108.6589,6,0.25,1
GT-14710,36,29,11820.119999999999,407.5903448275862,3.6551724137931036,0.18302918244484828,2163.4269,28,0.1,0
GT-14755,34,7,226.436,32.348,3.2857142857142856,-0.027112296631277722,-6.139200000000002,7,0.2,1
GW-14605,28,9,2189.019,243.2243333333333,4.777777777777778,-0.12267700737179531,-268.54229999999995,9,0.15555555555555556,1
GZ-14470,7,14,4355.150000000001,311.0821428571429,3.4285714285714284,0.24976267177938757,1087.7539,14,0.07857142857142858,0
GZ-14545,157,5,2454.6220000000003,490.92440000000005,5.0,0.3375921017574192,828.661,5,0.04,1
HA-14905,69,10,2163.3,216.33,4.5,0.12520565802246567,270.8574,10,0.22999999999999998,1
HA-14920,20,18,2584.158,143.56433333333334,4.0,0.03836626862598959,99.1445,18,0.2,0
HD-14785,769,7,251.36,35.90857142857143,4.428571428571429,-0.540563335455124,-135.87599999999998,7,0.3,1
HE-14800,12,11,883.5319999999999,80.3210909090909,4.0,0.3105748292082234,274.4028,10,0.018181818181818184,1
HF-14995,21,19,2533.1639999999998,133.32442105263158,3.6842105263157894,-0.0054780503749461106,-13.876799999999989,19,0.13157894736842105,0
HG-14845,54,10,785.628,78.56280000000001,3.1,0.18711553050553187,147.0032,10,0.19,1
HG-14965,23,17,3247.642,191.03776470588235,4.0,-0.8615369243284822,-2797.9635000000003,17,0.17058823529411765,1
HG-15025,6,11,3690.284,335.4803636363636,3.4545454545454546,0.2180350618001216,804.6113,11,0.17272727272727273,1
HH-15010,72,6,218.668,36.44466666666667,3.3333333333333335,0.3966478862933763,86.7342,6,0.03333333333333333,1
HJ-14875,126,6,358.1,59.68333333333334,3.5,0.2754951130969003,98.6548,6,0.10000000000000002,1
HK-14890,151,15,4877.784,325.18559999999997,4.266666666666667,0.19618439438892746,956.9451,15,0.21333333333333335,0
HL-15040,43,11,12873.297999999999,1170.2998181818182,4.545454545454546,0.4367512660702798,5622.4292000000005,11,0.018181818181818184,0
HM-14860,2,20,8236.7648,411.83824000000004,3.8,0.29598800733025665,2437.9836,20,0.231,0
HM-14980,247,7,736.276,105.18228571428571,4.142857142857143,0.15928198121356665,117.2755,7,0.17142857142857146,1
HP-14815,30,10,1990.314,199.03140000000002,4.4,0.18784156670756472,373.8637,10,0.3,1
HR-14770,13,13,1299.288,99.94523076923078,2.923076923076923,0.14283161239078634,185.5794,13,0.04615384615384616,1
HR-14830,159,14,5248.787,374.91335714285714,3.642857142857143,0.2280432412288782,1196.9504,14,0.09999999999999999,0
HW-14935,117,20,9300.254,465.01270000000005,4.25,0.23269913918480073,2164.1611,20,0.045,0
HZ-14950,35,6,886.52,147.75333333333333,3.5,-0.14707835130623112,-130.3879,6,0.19999999999999998,1
IG-15085,71,7,744.574,106.36771428571429,2.7142857142857144,0.4304450598597319,320.4982,7,0.028571428571428574,1
IL-15100,142,14,5040.736,360.0525714285714,4.285714285714286,0.22257404474267248,1121.937,14,0.07142857142857142,0
IM-15055,409,4,2872.63,718.1575,4.75,0.33967830872754234,975.7701,4,0.1,1
IM-15070,390,21,4930.474,234.7844761904762,4.428571428571429,0.10438199248185874,514.6527,21,0.16666666666666666,0
JA-15970,92,24,6491.026,270.45941666666664,3.625,-0.12623916465594193,-819.4217000000001,24,0.2125,0
JB-15400,7,16,1791.605,111.9753125,2.6875,0.08710245841019643,156.05319999999998,16,0.20625000000000002,1
JB-15925,737,8,900.552,112.569,4.0,-0.3186721033321785,-286.9808,8,0.3,1
JB-16000,43,7,644.1188,92.01697142857142,4.571428571428571,0.19680360206843833,126.76490000000001,7,0.07428571428571429,1
JB-16045,7,9,2518.115,279.79055555555556,3.5555555555555554,0.08002752058583505,201.51850000000002,9,0.1888888888888889,1
JC-15340,114,4,71.263,17.81575,3.0,-0.0049899667429100705,-0.35560000000000036,4,0.22499999999999998,1
JC-15385,175,4,1058.108,264.527,3.5,0.4753053563530378,502.92440000000005,4,0.05,1
JC-15775,158,16,2772.055,173.2534375,4.0,0.10085268870927885,279.56919999999997,16,0.12187500000000001,0
JC-16105,57,9,858.576,95.39733333333334,4.777777777777778,0.23480181137138703,201.5952,9,0.044444444444444446,1
JD-15790,117,7,2152.352,307.4788571428571,3.7142857142857144,-0.12384242911940053,-266.55249999999995,7,0.17142857142857146,1
JD-15895,394,32,7610.8640000000005,237.83950000000002,4.6875,0.1379957387229623,1050.2667999999999,32,0.075,0
JD-16015,112,11,385.43,35.03909090909091,3.5454545454545454,0.06943024673741016,26.7605,11,0.3090909090909091,1
JD-16060,300,6,695.442,115.907,2.8333333333333335,0.15977479070864287,111.11410000000001,6,0.049999999999999996,1
JD-16150,41,17,8828.0305,519.2959117647059,3.5294117647058822,0.18345200551810506,1619.5199,17,0.05588235294117647,0
JE-15475,193,13,1388.682,106.8216923076923,3.769230769230769,0.19890781330787033,276.2197,13,0.18461538461538465,1
JE-15610,48,20,7754.976,387.74879999999996,3.7,0.20933680516870717,1623.4019,20,0.16,0
JE-15715,46,22,8697.842999999999,395.3564999999999,4.409090909090909,0.14512708495658064,1262.2926,21,0.3227272727272727,0
JE-15745,51,23,6760.8150000000005,293.9484782608696,3.9130434782608696,0.03280620753562995,221.79670000000002,22,0.14565217391304347,0
JE-16165,20,7,2697.248,385.3211428571429,4.857142857142857,0.2927604728968193,789.6476,7,0.028571428571428574,1
JF-15190,65,19,2279.5860000000002,119.9782105263158,3.789473684210526,0.2522940130357003,575.1259,19,0.12105263157894736,0
JF-15295,225,14,955.124,68.22314285714286,3.0,0.1018600726188432,97.28899999999999,14,0.1142857142857143,1
JF-15355,105,16,1911.844,119.49025,3.625,0.17271231334774176,330.199,16,0.07500000000000001,0
JF-15415,2,14,2371.448,169.38914285714284,4.928571428571429,0.2680377558352534,635.6376,14,0.07142857142857142,0
JF-15490,121,15,1082.918,72.19453333333333,2.4,-0.016683904044442897,-18.06730000000001,15,0.14666666666666667,1
JF-15565,54,16,4198.332,262.39575,4.1875,0.2556274253679795,1073.2088,16,0.17500000000000002,0
JG-15115,758,7,2358.676,336.9537142857143,2.857142857142857,0.2900742196045578,684.1911,7,0.24285714285714288,1
JG-15160,1,18,6366.392,353.68844444444443,3.888888888888889,0.22236557221107342,1415.6664,18,0.1111111111111111,0
JG-15310,2,11,2240.58,203.6890909090909,4.181818181818182,0.0016949182800881943,3.7976000000000063,11,0.2545454545454545,1
JG-15805,223,9,1507.018,167.44644444444444,5.111111111111111,0.13676140563682715,206.1019,9,0.06666666666666668,1
JH-15430,5,7,309.281,44.183,4.142857142857143,-0.07784862309679548,-24.077100000000005,7,0.31428571428571433,1
JH-15820,174,8,528.91,66.11375,3.625,0.049313115652946625,26.082199999999997,8,0.15000000000000002,1
JH-15910,41,9,959.477,106.60855555555555,3.888888888888889,-0.014126967087277752,-13.554499999999996,9,0.14444444444444446,1
JH-15985,29,14,7954.9980000000005,568.2141428571429,4.571428571428571,-0.08104316305296369,-644.6982,14,0.08571428571428573,0
JH-16180,404,5,2256.3940000000002,451.27880000000005,5.6,-0.0429681163839294,-96.95300000000002,5,0.22000000000000003,1
JJ-15445,483,6,709.178,118.19633333333333,4.166666666666667,0.28280036887777116,200.5558,6,0.06666666666666667,1
JJ-15760,753,3,195.0,65.0,3.6666666666666665,0.17666256410256412,34.449200000000005,3,0.06666666666666667,1
JK-15205,61,13,4427.142,340.5493846153846,5.153846153846154,0.2755689788129678,1219.983,13,0.13076923076923078,0
JK-15325,287,4,383.812,95.953,3.75,0.14415312705178573,55.32769999999999,4,0.1,1
JK-15370,44,17,2709.632,159.39011764705882,4.235294117647059,0.12189249315036137,330.2838,16,0.12352941176470589,0
JK-15625,61,12,3760.028,313.33566666666667,3.6666666666666665,0.19971885847658583,750.9485,12,0.11666666666666668,0
JK-15640,180,12,4760.434,396.70283333333333,3.4166666666666665,0.24630743751515088,1172.5303,12,0.10000000000000002,0
JK-15730,84,20,4867.2,243.35999999999999,4.4,0.011310055062458909,55.0483,20,0.3325,0
JK-16090,28,9,3747.668,416.4075555555556,4.777777777777778,0.1565406807646782,586.6625,9,0.19999999999999998,1
JK-16120,117,17,2932.484,172.4990588235294,2.8823529411764706,0.04182686077741601,122.6566,17,0.20588235294117646,0
JL-15130,8,12,1214.956,101.24633333333333,3.5,-0.1710313789141335,-207.79559999999998,12,0.26666666666666666,1
JL-15175,6,7,1571.523,224.5032857142857,4.142857142857143,0.13317126125421008,209.2817,7,0.21428571428571427,1
JL-15235,119,10,2203.7,220.36999999999998,3.9,0.024739029813495496,54.51740000000002,10,0.22000000000000003,1
JL-15505,49,17,3173.874,186.6984705882353,3.2941176470588234,0.1864334564006007,591.7163,17,0.07058823529411766,0
JL-15835,21,34,9799.923,288.23302941176473,4.205882352941177,0.023358040670319553,228.907,33,0.08823529411764706,0
JL-15850,614,11,2725.256,247.75054545454543,3.4545454545454546,0.28617663808464233,779.9046,11,0.23636363636363636,1
JM-15250,37,19,3159.1220000000003,166.26957894736844,4.7894736842105265,0.006275002991337478,19.82350000000004,19,0.2894736842105263,0
JM-15265,37,13,1804.146,138.78046153846154,4.0,0.2785884845239798,502.6143,13,0.13846153846153847,1
JM-15535,102,10,1733.443,173.3443,4.6,0.2056828519887876,356.5395,10,0.09,1
JM-15580,0,7,303.948,43.421142857142854,3.7142857142857144,0.37217023964625534,113.1204,7,0.1142857142857143,1
JM-15655,8,12,864.947,72.07891666666667,3.4166666666666665,0.13550425633015664,117.20400000000001,12,0.15833333333333335,1
JM-15865,109,13,7625.076000000001,586.5443076923077,3.8461538461538463,0.20650501057300932,1574.6163999999999,13,0.1846153846153846,0
JM-16195,57,19,2833.9260000000004,149.15400000000002,3.8947368421052633,0.2661023611766856,754.1144,19,0.06315789473684212,0
JO-15145,57,13,3254.949,250.3806923076923,4.538461538461538,0.17862169269011588,581.4045,13,0.07307692307692308,0
JO-15280,92,11,1934.272,175.84290909090907,3.272727272727273,0.10450246914601462,202.13619999999997,11,0.17272727272727273,1
JO-15550,215,11,1090.838,99.1670909090909,3.8181818181818183,0.15370834166026487,167.6709,11,0.23636363636363636,1
JP-15460,37,15,1669.135,111.27566666666667,3.6,0.25746659197728167,429.7465,15,0.14,1
JP-15520,8,16,3635.594,227.224625,3.9375,0.20826863505660972,757.1802,16,0.059375000000000004,0
JP-16135,102,13,1707.71,131.3623076923077,3.6153846153846154,0.18136076968571946,309.7116,12,0.15384615384615385,1
JR-15670,593,3,1156.658,385.55266666666665,4.666666666666667,-0.6788216568769679,-785.1645,3,0.3,1
JR-15700,68,1,863.88,863.88,3.0,0.125,107.985,1,0.2,1
JR-16210,33,10,2201.686,220.16860000000003,4.1,0.20546662875632585,452.37300000000005,10,0.22000000000000003,1
JS-15595,119,8,1417.654,177.20675,4.375,-0.12383063850558738,-175.54899999999998,8,0.3125,1
JS-15685,42,11,1131.0639999999999,102.82399999999998,3.8181818181818183,-0.04851113641668377,-54.8692,11,0.20909090909090908,1
JS-15880,534,9,3868.02,429.78,4.777777777777778,0.14606434299719237,564.9798000000001,9,0.14666666666666667,1
JS-15940,463,8,469.169,58.646125,4.625,-0.6989668967898561,-327.9336,8,0.3375,1
JS-16030,28,18,2516.494,139.80522222222223,3.888888888888889,-0.12368696289361307,-311.25749999999994,18,0.18333333333333332,0
JW-15220,42,14,7721.714,551.551,4.714285714285714,0.2815060749465727,2173.7093999999997,14,0.07142857142857142,0
JW-15955,5,11,1244.086,113.09872727272727,3.727272727272727,-0.023773195743702593,-29.575899999999987,10,0.08181818181818182,1
JW-16075,461,7,1428.731,204.10442857142857,5.428571428571429,0.1078325451047118,154.06369999999998,7,0.32857142857142857,1
KA-16525,36,11,1519.506,138.13690909090909,5.181818181818182,0.15460248264896617,234.9194,11,0.05454545454545456,1
KB-16240,4,10,3152.6150000000002,315.2615,3.4,0.24230919411345817,763.9076,10,0.15,1
KB-16315,296,22,1569.464,71.33927272727273,2.8181818181818183,0.03167915925436964,49.71929999999999,22,0.19545454545454544,0
KB-16405,117,9,908.821,100.98011111111111,2.7777777777777777,0.30181630926222,274.297,9,0.044444444444444446,1
KB-16585,230,23,2744.742,119.33660869565219,4.434782608695652,0.21107816326634707,579.3551,23,0.10869565217391304,0
KB-16600,1,9,983.922,109.32466666666667,3.2222222222222223,0.29834925939251283,293.55240000000003,9,0.2666666666666667,1
KC-16255,407,10,2120.954,212.0954,4.0,0.39893448891395095,846.1217,10,0.02,1
KC-16540,97,5,3908.262,781.6524000000001,5.6,0.18151851129734906,709.4219,5,0.2,1
KC-16675,57,7,1146.05,163.72142857142856,5.714285714285714,0.13680005235373674,156.7797,7,0.08571428571428573,1
KD-16270,484,16,8282.358,517.647375,4.0,0.13374152626582916,1107.6952000000003,16,0.1875,0
KD-16345,41,10,1888.964,188.8964,3.6,0.1739547180359181,328.5942,10,0.13,1
KD-16495,112,28,8181.256,292.1877142857143,3.0,0.3714130690935475,3038.6254,28,0.08750000000000001,0
KD-16615,289,13,2243.5099999999998,172.5776923076923,4.3076923076923075,0.2405703116990787,539.7219,13,0.1076923076923077,1
KE-16420,26,15,1686.7312,112.44874666666666,4.466666666666667,0.23588814862735685,397.87989999999996,15,0.21466666666666667,1
KF-16285,97,18,10604.266,589.1258888888889,3.7222222222222223,0.15655384351920257,1660.1386,18,0.03333333333333334,0
KH-16330,40,18,3312.864,184.048,3.888888888888889,0.13727913370425107,454.7871,18,0.1388888888888889,0
KH-16360,1,14,3100.612,221.47228571428573,2.857142857142857,0.1703551105394677,528.2051,14,0.15,0
KH-16510,22,23,5952.859,258.81995652173913,3.9565217391304346,0.11021866971819759,656.1162,23,0.10869565217391304,0
KH-16630,58,17,3918.9660000000003,230.5274117647059,4.9411764705882355,0.18560472328670366,727.3786,17,0.10588235294117647,0
KH-16690,2,15,5990.799,399.3866,4.6,0.2048990627126699,1227.5091,15,0.12666666666666665,0
KL-16555,16,22,5016.488,228.02218181818182,3.8181818181818183,-0.036436108289305186,-182.78130000000002,22,0.29545454545454547,0
KL-16645,47,29,14175.229000000001,488.80100000000004,3.896551724137931,0.05692006809907621,806.855,28,0.19999999999999998,0
KM-16225,14,19,2260.958,118.99778947368422,3.789473684210526,0.2809011489819802,635.1057000000001,19,0.021052631578947368,0
KM-16375,56,20,5620.186,281.0093,3.45,0.17326654313576098,973.7901999999999,20,0.13999999999999999,0
KM-16660,15,9,453.538,50.39311111111111,3.3333333333333335,0.20095140870224765,91.1391,9,0.044444444444444446,1
KM-16720,28,28,4909.472,175.33828571428572,3.5,0.15190401330326359,745.7685,28,0.08928571428571429,0
KN-16390,19,17,2617.272,153.95717647058822,3.2941176470588234,-0.05775165897927308,-151.1518,17,0.21764705882352942,1
KN-16450,52,8,2171.962,271.49525,6.125,0.05262905152115921,114.3083,8,0.28125,1
KN-16705,98,15,2280.58,152.03866666666667,3.6666666666666665,0.14459589227301828,329.76250000000005,15,0.12000000000000001,1
KS-16300,295,4,88.472,22.118,2.5,0.0012546342345600742,0.11099999999999888,4,0.275,1
KT-16465,391,14,3057.1,218.3642857142857,3.2142857142857144,0.08308632364005103,254.0032,14,0.2285714285714286,1
KT-16480,100,13,4642.088400000001,357.0837230769231,2.8461538461538463,0.041805989735137314,194.0671,13,0.14769230769230768,0
KW-16435,96,10,4416.5199999999995,441.65199999999993,4.2,0.3976286759711266,1756.135,10,0.11000000000000001,0
KW-16570,771,5,449.096,89.8192,4.4,0.24032055507063077,107.92699999999999,5,0.04,1
LA-16780,154,26,8673.222,333.5854615384615,4.038461538461538,0.23741118352556873,2059.1199,26,0.11538461538461539,0
LB-16735,48,3,50.188,16.729333333333333,4.0,0.3716167211285566,18.6507,3,0.26666666666666666,1
LB-16795,152,24,4985.676,207.7365,3.1666666666666665,-0.010468189268616729,-52.19099999999998,23,0.23750000000000002,0
LC-16870,27,30,2580.7039999999997,86.02346666666666,3.7666666666666666,-0.07294563808945158,-188.25110000000004,29,0.24000000000000002,0
LC-16885,16,23,7663.126,333.17939130434786,4.043478260869565,0.168122891363133,1288.3469,23,0.1565217391304348,0
LC-16930,41,14,4492.946,320.9247142857143,3.7142857142857144,0.06415968498174694,288.26599999999996,14,0.17142857142857143,0
LC-16960,436,7,3246.626,463.8037142857143,4.285714285714286,0.09224351680791072,299.48019999999997,7,0.2857142857142857,1
LC-17050,54,9,2095.064,232.78488888888887,4.777777777777778,0.04142021437053951,86.77799999999999,9,0.27222222222222225,1
LC-17140,13,19,2633.582,138.60957894736842,3.263157894736842,0.08776077600773396,231.12520000000004,18,0.18421052631578946,0
LD-16855,552,1,5.304,5.304,3.0,0.0875,0.4641,1,0.2,1
LD-17005,414,7,1961.934,280.27628571428573,3.5714285714285716,0.2839908987764114,557.1714,7,0.028571428571428574,1
LE-16810,21,9,1469.45,163.27222222222224,3.5555555555555554,0.11008533805165197,161.76489999999998,9,0.2555555555555556,1
LF-17185,22,16,3930.5089999999996,245.65681249999997,4.3125,-0.9118353373570701,-3583.977,16,0.31875,1
LH-16750,151,3,287.426,95.80866666666667,4.0,0.04393374294601045,12.627699999999999,3,0.3666666666666667,1
LH-16900,21,15,2295.332,153.02213333333333,4.266666666666667,0.22919242183701533,526.0727,15,0.12666666666666665,0
LH-17020,239,6,318.239,53.03983333333333,5.666666666666667,-0.762759749747831,-242.73989999999998,6,0.4666666666666666,1
LH-17155,385,19,1739.689,91.56257894736842,2.3157894736842106,0.1819406802020361,316.5202,19,0.07894736842105263,0
LL-16840,249,12,2741.2039999999997,228.43366666666665,4.166666666666667,0.2042926392928071,560.0078,12,0.016666666666666666,1
LM-17065,391,7,1346.774,192.3962857142857,4.571428571428571,-0.033322591615222746,-44.87799999999999,7,0.05714285714285715,1
LO-17170,2,9,644.35,71.59444444444445,3.7777777777777777,0.2330584309769535,150.1712,9,0.25555555555555554,1
LP-17080,40,9,756.606,84.06733333333334,4.333333333333333,0.14641874370544247,110.7813,9,0.1111111111111111,1
LP-17095,9,15,3653.399,243.55993333333333,3.466666666666667,0.09263849910726968,338.44539999999995,15,0.18666666666666665,0
LR-16915,26,16,5142.892,321.43075,4.0,0.10411970541088555,535.4764,16,0.17500000000000002,0
LR-17035,132,12,1879.306,156.60883333333334,3.6666666666666665,-0.2036964177201584,-382.8079,12,0.27499999999999997,1
LS-16945,178,14,2845.27,203.23357142857142,3.642857142857143,-0.11203636210271783,-318.77369999999996,14,0.3071428571428571,1
LS-16975,20,22,2988.674,135.8488181818182,2.8636363636363638,0.08787733289077362,262.63669999999996,22,0.2818181818181818,0
LS-17200,96,14,1010.2560000000001,72.16114285714286,3.857142857142857,0.24171794079916376,244.197,14,0.2,1
LS-17230,777,6,368.88000000000005,61.48000000000001,2.6666666666666665,0.10625460854478419,39.1952,6,0.11666666666666665,1
LS-17245,34,12,1008.1360000000001,84.01133333333334,3.9166666666666665,0.34554702936905335,348.3584,12,0.08333333333333333,1
LT-16765,26,3,329.876,109.95866666666666,2.6666666666666665,0.17896421685724334,59.036,3,0.13333333333333333,1
LT-17110,34,14,2936.252,209.73228571428572,4.5,0.1093138463592362,320.973,14,0.24642857142857144,1
LW-16825,88,15,2238.061,149.20406666666668,3.3333333333333335,0.014555769480813973,32.5767,15,0.20666666666666667,1
LW-16990,33,11,3230.308,293.66436363636365,3.4545454545454546,0.20519216743418897,662.8339000000001,11,0.10909090909090911,1
LW-17125,205,5,1259.04,251.808,3.0,0.15299847502859323,192.6312,5,0.0,1
LW-17215,21,15,5420.514,361.3676,3.933333333333333,0.15445787982468082,837.2411,15,0.16666666666666666,0
MA-17560,64,34,4299.161,126.44591176470588,3.4411764705882355,0.28848107805220596,1240.2266,34,0.09411764705882353,0
MA-17995,186,12,2453.284,204.44033333333334,3.5,0.11445156777609114,280.7822,12,0.041666666666666664,1
MB-17305,48,19,1548.702,81.51063157894737,3.3157894736842106,0.13716325025731227,212.425,19,0.17368421052631577,0
MB-18085,44,10,1428.231,142.8231,3.9,0.08248364585280672,117.8057,10,0.2,1
MC-17275,76,13,2725.982,209.69092307692307,4.153846153846154,0.16911388263018612,461.0014,13,0.13076923076923078,1
MC-17425,399,10,4432.138,443.2138,4.8,0.40666384936570116,1802.3903,10,0.12,0
MC-17575,27,11,1303.893,118.53572727272727,3.6363636363636362,0.1616308240016627,210.7493,11,0.29090909090909095,1
MC-17590,51,17,2426.067,142.70982352941178,2.764705882352941,0.11911628986338793,288.98409999999996,17,0.17058823529411765,0
MC-17605,112,18,2258.192,125.45511111111111,3.3333333333333335,0.08655092215365212,195.4486,18,0.2222222222222222,0
MC-17635,189,8,795.154,99.39425,4.125,-0.3118182138302769,-247.94350000000003,8,0.17500000000000002,1
MC-17845,1,14,3805.714,271.83671428571427,3.2142857142857144,0.1835180993632207,698.4174,14,0.09999999999999999,0
MC-18100,41,19,2218.98,116.78842105263158,3.8421052631578947,-0.028917250268141216,-64.1668,19,0.26842105263157895,0
MC-18130,369,11,1581.9979999999998,143.81799999999998,3.090909090909091,0.07696375090233996,121.7565,11,0.05454545454545456,1
MD-17350,117,17,3766.382,221.5518823529412,3.764705882352941,-0.06423936817879863,-241.94999999999996,17,0.32941176470588235,0
MD-17860,36,8,1204.91,150.61375,5.625,-0.0033531965043032273,-4.040300000000002,8,0.2875,1
ME-17320,42,22,10663.728000000001,484.71490909090915,3.727272727272727,0.17437330547065713,1859.4695,22,0.1318181818181818,0
ME-17725,28,13,1908.4532,146.80409230769231,3.5384615384615383,0.04077270535111891,77.81280000000001,13,0.2246153846153846,1
ME-18010,92,6,1256.944,209.49066666666667,2.5,0.08541382909660256,107.3604,6,0.16666666666666666,1
MF-17665,421,8,937.039,117.129875,4.5,-0.3644741574256782,-341.52650000000006,8,0.13749999999999998,1
MF-18250,7,12,1758.3,146.525,3.1666666666666665,0.25983097309901615,456.86080000000004,12,0.06666666666666667,1
MG-17650,29,14,3785.276,270.37685714285715,4.071428571428571,0.09032313627856992,341.898,14,0.1285714285714286,0
MG-17680,92,10,2350.188,235.0188,2.5,0.011015544288371811,25.888599999999972,10,0.225,1
MG-17695,555,7,1342.282,191.7545714285714,3.2857142857142856,-0.2971009072609183,-398.79319999999996,7,0.2571428571428572,1
MG-17875,116,7,1242.8329999999999,177.54757142857142,3.2857142857142856,-0.37878653045099386,-470.7684,7,0.24285714285714288,1
MG-17890,99,13,776.384,59.72184615384616,2.6923076923076925,0.22120136427334927,171.7372,13,0.11923076923076924,1
MG-18145,84,8,3061.543,382.692875,5.25,-0.03057379889813731,-93.603,8,0.1875,1
MG-18205,264,2,16.739,8.3695,4.0,-0.07439512515681941,-1.2453,2,0.44999999999999996,1
MH-17290,119,13,2394.025,184.15576923076924,4.230769230769231,0.012013742546548193,28.761200000000038,13,0.18846153846153849,1
MH-17440,376,9,400.016,44.446222222222225,2.7777777777777777,0.15356535738570457,61.428599999999996,9,0.07777777777777778,1
MH-17455,85,11,2456.1820000000002,223.28927272727276,4.090909090909091,0.19736863962035386,484.77330000000006,11,0.16363636363636364,1
MH-17620,155,6,1252.8,208.79999999999998,3.1666666666666665,0.09767017879948915,122.3612,6,0.23333333333333336,1
MH-17785,98,11,2203.7780000000002,200.34345454545456,3.8181818181818183,0.10825110333254981,238.5614,11,0.07272727272727274,1
MH-18025,49,10,2984.948,298.4948,3.1,0.15976934941580223,476.9032,10,0.13,1
MH-18115,5,22,5503.093,250.1405909090909,3.590909090909091,0.031068818935097046,170.9746,22,0.16818181818181818,0
MJ-17740,22,15,6320.746,421.38306666666665,3.3333333333333335,0.16683994262702537,1054.5529000000001,15,0.21333333333333335,0
MK-17905,28,17,2302.368,135.43341176470588,4.294117647058823,-0.1760604299573309,-405.3559,17,0.3,1
MK-18160,240,11,1031.602,93.78200000000001,3.909090909090909,0.22085436049949497,227.83380000000002,11,0.0818181818181818,1
ML-17395,69,20,2722.843,136.14215,3.6,0.25154450697304254,684.9162,20,0.17250000000000001,0
ML-17410,54,15,2921.5,194.76666666666668,3.4,-0.026074105767585155,-76.17550000000003,15,0.16666666666666666,1
ML-17755,29,13,2071.9139999999998,159.378,4.076923076923077,0.1976487441081049,409.51120000000003,13,0.1076923076923077,1
ML-18040,79,4,742.082,185.5205,4.5,0.18692839874838632,138.71620000000001,4,0.25,1
ML-18265,100,3,162.232,54.077333333333335,2.3333333333333335,0.26298634054933673,42.6648,3,0.06666666666666667,1
MM-17260,168,6,1314.023,219.00383333333332,2.8333333333333335,0.1357677909747394,178.402,6,0.13333333333333333,1
MM-17920,7,16,3794.0800000000004,237.13000000000002,4.25,0.021645563614894774,82.12499999999997,16,0.18125,0
MM-18055,61,19,2749.881,144.7305789473684,3.8421052631578947,-0.18922429734232135,-520.3443,19,0.21052631578947367,0
MM-18280,85,12,775.414,64.61783333333334,2.6666666666666665,0.07594859004351223,58.8916,12,0.14166666666666666,1
MN-17935,34,10,2477.946,247.7946,3.6,0.11736442198498273,290.8227,10,0.26,1
MO-17500,72,5,922.487,184.4974,3.0,0.06434529700689548,59.357699999999994,5,0.22000000000000003,1
MO-17800,104,11,1687.0269999999998,153.3660909090909,4.454545454545454,0.10037995835277089,169.34369999999998,11,0.16363636363636364,1
MO-17950,180,4,154.288,38.572,3.5,-0.531521570050814,-82.0074,4,0.35000000000000003,1
MP-17470,719,14,3206.132,229.00942857142857,5.5,0.18723099984654404,600.2873,14,0.12142857142857144,1
MP-17965,72,20,3983.6420000000003,199.18210000000002,3.1,0.1601941891364736,638.1563,20,0.255,0
MP-18175,16,19,5087.92,267.78526315789475,4.105263157894737,0.04450795216905926,226.4529,19,0.15526315789473685,0
MR-17545,125,6,639.178,106.52966666666667,4.833333333333333,0.25491537568564626,162.9363,6,0.20000000000000004,1
MS-17365,273,24,7443.6900000000005,310.15375,4.375,0.11351030201418917,844.9354999999998,24,0.16041666666666668,0
MS-17530,434,7,475.65599999999995,67.95085714285713,3.0,0.17665455707486083,84.0268,7,0.15714285714285717,1
MS-17710,413,15,1613.402,107.56013333333334,3.2,0.15336215028864472,247.4348,15,0.22,1
MS-17770,121,19,3144.678,165.5093684210526,3.8421052631578947,0.0893122920693311,280.85839999999996,19,0.09999999999999999,0
MS-17830,452,5,370.348,74.06960000000001,2.8,0.05246740903150549,19.431199999999997,5,0.18,1
MS-17980,26,11,855.116,77.73781818181818,4.454545454545454,0.06458305072060398,55.226,11,0.17272727272727273,1
MT-17815,49,10,2890.139,289.01390000000004,3.1,0.17611844966626172,509.0068,10,0.12999999999999998,1
MT-18070,203,11,1319.4498,119.94998181818183,4.0,-0.017944070323857718,-23.676300000000005,11,0.2427272727272727,1
MV-17485,27,15,1560.05,104.00333333333333,3.466666666666667,0.12116650107368354,189.0258,15,0.24000000000000002,1
MV-18190,19,11,1734.574,157.68854545454545,3.3636363636363638,0.15788210822945575,273.8582,11,0.08636363636363636,1
MW-18220,17,14,5341.900000000001,381.56428571428575,3.642857142857143,0.23183174525917744,1238.422,14,0.07857142857142858,0
MW-18235,44,3,5253.876,1751.2920000000001,4.333333333333333,0.3170071010431156,1665.516,3,0.06666666666666667,0
MY-17380,29,13,2254.285,173.40653846153845,3.769230769230769,0.1415620030297855,319.1211,13,0.3076923076923077,1
MY-18295,71,21,4152.696,197.74742857142857,4.238095238095238,-0.08951079009876957,-371.7111,21,0.2438095238095238,0
MZ-17335,30,6,593.606,98.93433333333333,1.8333333333333333,0.14322479894071152,85.01910000000001,6,0.06666666666666667,1
MZ-17515,282,10,2564.906,256.4906,3.9,0.307126382019458,787.7503,10,0.27999999999999997,1
NB-18580,1165,2,273.87199999999996,136.93599999999998,3.5,0.0905123561371736,24.788800000000002,2,0.1,1
NB-18655,19,17,1972.599,116.03523529411764,3.764705882352941,0.059638527648042,117.6429,17,0.1735294117647059,0
NC-18340,224,17,2461.404,144.7884705882353,3.176470588235294,0.23576280041797285,580.3075,17,0.0411764705882353,0
NC-18415,41,14,2218.9900000000002,158.49928571428572,2.7142857142857144,-0.9936084434810432,-2204.8072,14,0.2642857142857143,1
NC-18535,6,15,8241.739,549.4492666666666,4.266666666666667,0.15952434310283303,1314.758,15,0.13666666666666666,0
NC-18625,204,9,1821.742,202.41577777777778,3.2222222222222223,-0.19707565615767764,-359.02099999999996,9,0.24444444444444446,1
ND-18370,27,18,4326.139,240.34105555555556,3.5,0.08174621758570401,353.64549999999997,18,0.21111111111111114,0
ND-18460,183,8,2893.455,361.681875,4.5,0.15322056157776778,443.33680000000004,8,0.0875,1
NF-18385,79,14,8322.826,594.4875714285714,3.7142857142857144,-0.20377350193311744,-1695.9714,14,0.25,0
NF-18475,525,4,377.16200000000003,94.29050000000001,3.25,0.2278272996749407,85.92779999999999,4,0.25,1
NF-18595,114,12,2031.472,169.28933333333333,4.583333333333333,0.19109940968913183,388.2131,12,0.11666666666666668,1
NG-18355,48,16,1869.58,116.84875,2.8125,0.16775612704457685,313.63349999999997,16,0.08750000000000001,1
NG-18430,48,9,1395.9379999999999,155.1042222222222,4.555555555555555,0.15551500138258292,217.0893,9,0.1111111111111111,1
NH-18610,189,11,2673.29,243.02636363636364,4.7272727272727275,0.2843562052751479,760.1666,11,0.05454545454545456,1
NK-18490,70,11,572.048,52.004363636363635,4.636363636363637,0.21190127401896344,121.2177,11,0.1272727272727273,1
NL-18310,58,10,1418.0900000000001,141.80900000000003,4.4,0.24232460563151842,343.6381,10,0.06000000000000001,1
NM-18445,160,14,6459.344,461.3817142857143,3.142857142857143,0.42600067437188666,2751.6848999999997,14,0.042857142857142864,0
NM-18520,244,15,2161.979,144.1319333333333,4.0,0.3649214446578807,788.9525000000001,14,0.26,1
NP-18325,25,21,5529.62,263.3152380952381,3.6666666666666665,0.21862062854228684,1208.8890000000001,21,0.05714285714285715,0
NP-18670,58,10,3908.402,390.8402,4.6,0.13166511530799543,514.6002,10,0.02,1
NP-18685,406,7,1228.698,175.52828571428572,3.2857142857142856,0.4187373138069729,514.5017,7,0.18571428571428572,1
NP-18700,138,13,7903.1825,607.9371153846154,4.846153846153846,0.07987012826794776,631.2282,12,0.19615384615384618,0
NR-18550,210,13,2367.277,182.09823076923078,2.8461538461538463,-0.010623513851568686,-25.148799999999966,13,0.22307692307692306,1
NS-18505,6,15,2575.863,171.7242,3.466666666666667,-0.004776651553285247,-12.303999999999997,15,0.20666666666666667,1
NS-18640,174,26,2964.823,114.03165384615384,4.346153846153846,-0.07918563772609698,-234.7714,26,0.21538461538461537,0
NW-18400,172,22,7234.014,328.8188181818182,3.5454545454545454,0.14143226706500706,1023.123,22,0.21363636363636365,0
NZ-18565,85,20,2488.31,124.4155,3.85,0.1617256692293163,402.4236,19,0.175,0
ON-18715,410,15,1567.52,104.50133333333333,3.8666666666666667,-0.003756889864244163,-5.88900000000001,15,0.16,1
OT-18730,65,10,3818.624,381.8624,5.1,-0.24226535526933266,-925.1203,10,0.15999999999999998,1
PA-19060,103,7,729.408,104.20114285714286,3.857142857142857,0.3096467272089146,225.8588,7,0.1857142857142857,1
PB-18805,25,10,740.356,74.0356,5.4,0.30961550929552806,229.2257,10,0.12000000000000002,1
PB-19105,57,5,688.324,137.66479999999999,3.6,0.31694332901366223,218.15970000000002,5,0.12000000000000002,1
PB-19150,97,11,1456.95,132.45000000000002,4.909090909090909,0.19263571158927895,280.6606,11,0.1272727272727273,1
PB-19210,688,2,132.738,66.369,5.0,0.16496406454820775,21.897000000000002,2,0.1,1
PC-18745,2,5,1832.064,366.4128,4.4,0.14884032435548103,272.685,5,0.22000000000000003,1
PC-19000,882,3,1061.488,353.82933333333335,6.0,-0.17365848695416244,-184.3364,3,0.13333333333333333,1
PF-19120,835,19,9062.864,476.99284210526315,3.9473684210526314,-0.06778147614264102,-614.2943000000001,19,0.12105263157894738,0
PF-19165,196,10,2770.0,277.0,3.4,0.07107361010830324,196.87389999999996,10,0.05,1
PF-19225,114,10,2206.1279999999997,220.61279999999996,3.2,0.2680315013453436,591.3118000000001,10,0.06000000000000001,1
PG-18820,36,26,3086.907,118.72719230769232,3.1923076923076925,0.04453043126987629,137.46130000000002,25,0.16923076923076924,0
PG-18895,57,17,1987.164,116.892,3.588235294117647,0.16833854679331953,334.5163,17,0.09411764705882353,0
PH-18790,70,2,729.648,364.824,3.0,0.06563137293599106,47.8878,2,0.2,1
PJ-18835,39,13,1220.09,93.85307692307691,3.5384615384615383,0.3623794146333467,442.1355,13,0.07692307692307693,1
PJ-19015,134,10,1824.2340000000002,182.42340000000002,2.5,0.37440257116137515,682.9979000000001,10,0.08,1
PK-18910,483,3,1441.152,480.384,4.666666666666667,-0.554212879696243,-798.705,3,0.3666666666666667,1
PK-19075,9,25,8646.934,345.87735999999995,4.28,0.23572142449566522,2038.2676000000001,25,0.07600000000000001,0
PL-18925,15,8,239.481,29.935125,3.625,-0.0031430468387888917,-0.7527000000000026,8,0.25,1
PM-18940,386,4,1405.402,351.3505,4.0,0.1123356875826276,157.8768,4,0.15,1
PM-19135,51,7,4115.662,587.9517142857143,5.142857142857143,0.12798759956478445,526.7537,7,0.1285714285714286,1
PN-18775,30,13,1467.152,112.85784615384615,3.6153846153846154,0.13089277729914828,192.0396,13,0.12307692307692308,1
PO-18850,4,22,7473.8282,339.7194636363636,4.136363636363637,0.0051480578587556995,38.47569999999996,22,0.21,0
PO-18865,0,13,2493.214,191.7856923076923,4.153846153846154,0.17561801754682912,437.8533,13,0.04615384615384616,1
PO-19180,160,18,4893.043,271.8357222222222,3.611111111111111,0.23613794115441047,1155.4331,18,0.10555555555555557,0
PO-19195,86,10,1056.858,105.6858,3.2,-0.04702703674476608,-49.70089999999999,10,0.19,1
PP-18955,97,34,7252.608,213.312,4.0588235294117645,0.2061445207020702,1495.0854,34,0.1088235294117647,0
PR-18880,36,12,1840.178,153.34816666666669,3.5833333333333335,0.13456448234899016,247.6226,12,0.11666666666666668,1
PS-18760,107,21,2181.479,103.87995238095237,3.5714285714285716,-0.061628372310712144,-134.441,21,0.22380952380952382,0
PS-18970,69,13,1278.639,98.35684615384615,4.0,0.15525093478299973,198.5099,13,0.05384615384615384,1
PS-19045,236,13,6843.634,526.4333846153846,3.6153846153846154,0.25464975187159333,1742.7296999999999,13,0.0846153846153846,0
PT-19090,71,7,160.572,22.93885714285714,2.7142857142857144,-0.12487108586802181,-20.0508,7,0.37142857142857144,1
PV-18985,89,13,2876.046,221.23430769230768,4.0,0.15108534425388193,434.52840000000003,13,0.08461538461538462,1
PW-19030,46,13,3454.916,265.76276923076927,3.6923076923076925,0.23265888374710122,803.8169,13,0.038461538461538464,0
PW-19240,464,12,3922.4150000000004,326.8679166666667,3.25,0.32896927020725747,1290.354,12,0.1708333333333333,1
QJ-19255,25,13,6108.338,469.8721538461538,4.6923076923076925,0.19705471439203268,1203.6768,13,0.12307692307692308,0
RA-19285,5,17,2617.906,153.9944705882353,3.411764705882353,0.20859732931587308,546.0882,17,0.1647058823529412,0
RA-19885,43,15,3832.314,255.4876,3.533333333333333,0.3373589951136572,1292.8656,15,0.04000000000000001,0
RA-19915,12,22,4793.543,217.88831818181816,3.409090909090909,0.06359957551230896,304.8673,22,0.27954545454545454,0
RA-19945,61,9,1686.9225,187.43583333333333,3.0,-0.264205972710661,-445.695,9,0.31666666666666665,1
RB-19330,68,6,1008.1959999999999,168.03266666666664,2.6666666666666665,-0.16306968089538146,-164.40619999999998,6,0.3166666666666667,1
RB-19360,96,18,15117.339,839.8521666666667,3.9444444444444446,0.46146321783218597,6976.0959,18,0.09444444444444444,0
RB-19435,19,16,2663.0860000000002,166.44287500000002,4.125,0.17920559080705617,477.23990000000003,16,0.1625,0
RB-19465,9,23,4715.466,205.02026086956522,3.6956521739130435,0.13583951193795055,640.5466,22,0.13478260869565217,0
RB-19570,25,9,528.546,58.72733333333334,3.888888888888889,0.14547059290960482,76.8879,9,0.16666666666666666,1
RB-19645,648,7,221.084,31.583428571428573,4.142857142857143,0.3287393027084728,72.679,7,0.14285714285714285,1
RB-19705,54,7,2067.45,295.34999999999997,3.142857142857143,0.11757261360613316,243.07549999999998,7,0.1571428571428571,1
RB-19795,32,18,5633.316000000001,312.96200000000005,5.111111111111111,-0.08196472557193665,-461.73319999999995,17,0.25,0
RC-19825,369,10,966.409,96.6409,2.9,0.0662156498956446,63.991400000000006,10,0.11000000000000001,1
RC-19960,110,11,885.752,80.52290909090908,4.0,0.011925798643412606,10.563300000000002,11,0.17272727272727273,1
RD-19480,72,15,4272.93,284.862,4.0,0.1124741102709382,480.594,14,0.10666666666666667,0
RD-19585,180,19,2912.8940000000002,153.3102105263158,3.8421052631578947,0.25216015412850584,734.5158,19,0.03157894736842106,0
RD-19660,114,5,2786.632,557.3264,4.6,0.2999219129041797,835.772,5,0.08,1
RD-19720,21,20,1419.737,70.98685,3.9,0.1460343711546575,207.3304,20,0.1575,0
RD-19810,14,16,1137.616,71.101,3.9375,0.27993848539401694,318.4625,15,0.1875,1
RD-19900,114,21,3133.924,149.2344761904762,4.0476190476190474,0.14535425875037175,455.5292,21,0.05714285714285715,0
RD-19930,42,10,970.9420000000001,97.09420000000001,3.3,0.036106585151327274,35.05740000000001,10,0.31,1
RE-19405,1097,1,48.36,48.36,5.0,0.125,6.045,1,0.2,1
RE-19450,302,9,876.696,97.41066666666667,5.222222222222222,0.23865672935658425,209.2294,9,0.13333333333333333,1
RF-19345,390,16,3309.15,206.821875,4.1875,0.1915015034072194,633.7072000000001,16,0.1375,0
RF-19735,89,14,2341.2960000000003,167.2354285714286,3.7857142857142856,0.3039414068105869,711.6168,14,0.014285714285714287,0
RF-19840,6,11,945.222,85.92927272727273,4.090909090909091,0.29625431909117644,280.0261,11,0.0818181818181818,1
RH-19495,32,8,3621.3759999999997,452.67199999999997,4.75,0.15568328171391208,563.7877,8,0.1,1
RH-19510,467,12,6979.18,581.5983333333334,3.5833333333333335,0.18475716344900117,1289.4535,11,0.03333333333333333,0
RH-19555,519,3,740.382,246.79399999999998,3.6666666666666665,0.00041289496503156705,0.30570000000000164,3,0.5333333333333333,1
RH-19600,534,11,2085.7400000000002,189.61272727272728,3.909090909090909,0.08276491796676479,172.6261,11,0.10909090909090909,1
RK-19300,119,8,1460.192,182.524,3.625,0.18469351975630602,269.688,8,0.07500000000000001,1
RL-19615,121,24,6234.91,259.78791666666666,4.208333333333333,0.0782927740737236,488.14840000000004,24,0.21875,0
RM-19375,345,9,1453.474,161.4971111111111,3.2222222222222223,0.2698017990001885,392.1499,9,0.044444444444444446,1
RM-19675,6,11,5979.0960000000005,543.5541818181819,3.5454545454545454,0.31819923948369455,1902.5438000000001,11,0.045454545454545456,0
RM-19750,299,2,98.35,49.175,2.0,0.291691916624301,28.6879,2,0.0,1
RO-19780,35,12,3815.478,317.9565,4.0,-0.33090784431203646,-1262.5716000000002,12,0.2916666666666667,1
RP-19270,496,12,954.6452,79.55376666666668,3.9166666666666665,0.062367044845561465,59.538399999999996,11,0.19333333333333336,1
RP-19390,33,25,5153.084,206.12336,3.52,0.09028579778633536,465.25030000000015,25,0.14800000000000002,0
RP-19855,28,15,2170.716,144.71439999999998,4.066666666666666,0.2739127550540928,594.5868,15,0.13333333333333333,0
RR-19315,19,4,615.932,153.983,1.75,-0.11987524596871083,-73.835,4,0.27499999999999997,1
RR-19525,170,10,3302.2619999999997,330.22619999999995,3.6,0.21854189643341443,721.6826,10,0.06000000000000001,1
RS-19420,76,9,3221.29,357.9211111111111,3.2222222222222223,0.19664525702435978,633.4513999999999,9,0.0,1
RS-19765,36,14,4159.7699999999995,297.12642857142856,3.857142857142857,0.29001245261156267,1206.3851,14,0.1142857142857143,0
RS-19870,19,3,22.328,7.442666666666667,3.3333333333333335,0.4292278753135077,9.5838,3,0.06666666666666667,1
RW-19540,120,23,7397.401,321.6261304347826,3.869565217391304,0.2144844250027814,1586.6273,23,0.13478260869565217,0
RW-19630,89,16,3279.746,204.984125,3.3125,0.21307518935917596,698.8325,16,0.1375,0
RW-19690,79,15,3495.646,233.04306666666668,4.066666666666666,0.20240902539902494,707.5503,15,0.07333333333333333,0
SA-20830,63,21,4767.3415,227.01626190476193,3.5714285714285716,0.12798529327089322,610.1496000000001,21,0.19285714285714284,0
SB-20170,201,7,1348.02,192.5742857142857,3.4285714285714284,0.11696102431714663,157.6658,7,0.18571428571428572,1
SB-20185,188,12,6410.996,534.2496666666667,3.75,0.138116199105412,885.4623999999999,12,0.1416666666666667,0
SB-20290,47,17,8057.891,473.9935882352941,4.9411764705882355,-0.2584727318848071,-2082.7451,17,0.24117647058823527,0
SC-20020,781,17,3362.9636,197.8213882352941,3.6470588235294117,-0.09427720240564007,-317.0508,17,0.21882352941176472,1
SC-20050,40,15,4624.572,308.3048,4.066666666666666,0.21877576995233286,1011.7443,15,0.18666666666666668,0
SC-20095,349,22,14142.333999999999,642.8333636363636,3.9545454545454546,0.4071047890680562,5757.411899999999,22,0.06363636363636364,0
SC-20230,149,11,4371.9580000000005,397.4507272727273,4.454545454545454,0.10067365697474677,440.14099999999996,11,0.10909090909090911,1
SC-20260,187,18,3729.7929999999997,207.21072222222222,3.5,0.17990365685173412,671.0033999999999,18,0.19722222222222222,0
SC-20305,29,12,3979.065,331.58875,5.333333333333333,0.057591846325707165,229.1617,12,0.21666666666666667,1
SC-20380,30,20,5992.536,299.6268,4.0,0.03949271226739397,236.66149999999996,20,0.19,0
SC-20440,36,10,1874.998,187.4998,4.4,0.20243280259498944,379.5611,10,0.27999999999999997,1
SC-20575,92,7,902.7280000000001,128.96114285714287,4.285714285714286,0.11102491558919186,100.2253,7,0.34285714285714286,1
SC-20680,126,8,1254.64,156.83,3.25,0.29503108461391314,370.1578,8,0.0,1
SC-20695,89,14,2576.408,184.02914285714286,4.714285714285714,0.23747368429223945,611.8291,14,0.15714285714285717,0
SC-20725,187,26,5226.21,201.0080769230769,5.115384615384615,0.24427860725076106,1276.6513,26,0.15000000000000002,0
SC-20770,41,21,4492.657,213.93604761904763,3.5714285714285716,-0.14939653750553403,-671.1874,21,0.30476190476190473,0
SC-20800,30,5,279.25600000000003,55.851200000000006,2.2,0.18558312086401008,51.8252,5,0.12000000000000002,1
SC-20845,131,4,280.632,70.158,3.25,0.11109103737278714,31.1757,4,0.2,1
SD-20485,200,21,6121.114,291.481619047619,3.9047619047619047,0.3243146917374844,1985.1671999999999,21,0.10476190476190476,0
SE-20110,9,19,12209.438000000002,642.6020000000001,4.105263157894737,0.21710064787584812,2650.6769,19,0.1105263157894737,0
SF-20065,59,9,763.5459999999999,84.83844444444443,3.888888888888889,0.29881932457245536,228.1623,9,0.1,1
SF-20200,59,15,3422.7859999999996,228.1857333333333,4.933333333333334,0.08382195089029815,286.9046,15,0.12666666666666665,0
SF-20965,48,17,3336.535,196.26676470588234,3.8823529411764706,0.1618251269655496,539.9352,17,0.2705882352941177,0
SG-20080,8,11,3406.5809999999997,309.6891818181818,2.727272727272727,0.16745176468723333,570.438,11,0.06818181818181818,1
SG-20470,183,14,1884.798,134.62842857142857,4.428571428571429,-0.06314231021043104,-119.0105,14,0.15,1
SG-20605,108,13,3124.832,240.37169230769229,3.769230769230769,0.1482540501377354,463.269,13,0.09230769230769233,1
SG-20890,226,5,47.946,9.5892,3.4,-0.0773224043715847,-3.7073,5,0.4,1
SH-19975,29,29,3406.8395,117.47722413793103,3.896551724137931,0.16392729977446838,558.4739999999999,29,0.13620689655172413,0
SH-20395,23,15,2180.718,145.38119999999998,3.0,-0.06627308070094345,-144.5229,15,0.23333333333333334,1
SH-20635,765,2,2096.392,1048.196,8.0,0.12432111933264392,260.6258,2,0.2,1
SJ-20125,95,24,3949.656,164.569,4.333333333333333,0.036488975242400856,144.1189,23,0.23333333333333336,0
SJ-20215,29,10,1341.036,134.1036,3.5,-0.017533981190661546,-23.5137,9,0.37,1
SJ-20500,253,7,1318.776,188.39657142857143,4.285714285714286,0.05163598670282139,68.09629999999999,7,0.14285714285714285,1
SK-19990,8,5,883.409,176.6818,3.8,0.19107038755548109,168.7933,5,0.22000000000000003,1
SL-20155,70,9,3053.012,339.22355555555555,3.3333333333333335,0.1729346298016516,527.9715,9,0.17777777777777778,1
SM-20005,421,6,244.49399999999997,40.748999999999995,4.333333333333333,-0.10876626829288245,-26.5927,6,0.26666666666666666,1
SM-20320,79,15,25043.05,1669.5366666666666,3.3333333333333335,-0.07909337321133009,-1980.7393,15,0.24666666666666667,0
SM-20905,606,6,1043.041,173.84016666666665,3.3333333333333335,-0.2274968098090104,-237.2885,6,0.2833333333333333,1
SM-20950,25,22,5563.392,252.88145454545455,4.2727272727272725,0.10453590183830296,581.5741999999999,21,0.1272727272727273,0
SN-20560,111,15,1860.418,124.02786666666665,4.466666666666667,-0.3853201269822159,-716.8565000000001,15,0.1733333333333333,1
SN-20710,79,19,3127.9592,164.62943157894736,4.684210526315789,0.15401412524818098,481.74989999999997,19,0.1168421052631579,0
SO-20335,29,15,2602.5755,173.50503333333333,3.466666666666667,-0.031155983755322376,-81.0858,15,0.1366666666666667,1
SP-20545,327,10,1306.086,130.6086,4.3,-0.09094018311198498,-118.77570000000001,10,0.26,1
SP-20620,47,24,5440.319,226.67995833333336,3.2083333333333335,-0.04970815130509809,-270.42819999999995,24,0.25,0
SP-20650,386,15,1872.4360000000001,124.82906666666668,4.733333333333333,0.14338444678483003,268.4782,15,0.15333333333333332,1
SP-20860,79,24,4282.94,178.45583333333332,3.3333333333333335,0.1323209290814254,566.7226,23,0.20833333333333334,0
SP-20920,70,14,3990.689,285.0492142857143,4.071428571428571,0.003681670007359632,14.692400000000003,14,0.2714285714285714,1
SR-20425,8,9,3233.481,359.27566666666667,3.7777777777777777,-1.031060457754352,-3333.9144,9,0.36666666666666664,1
SR-20740,196,12,4345.8859999999995,362.1571666666666,4.166666666666667,0.4580019816442493,1990.4243999999999,12,0.03333333333333333,0
SS-20140,15,21,1324.028,63.04895238095238,4.095238095238095,0.25101334714975815,332.3487,21,0.11428571428571428,0
SS-20410,110,12,3056.8070000000002,254.7339166666667,3.8333333333333335,-0.33072869827895574,-1010.9738,12,0.25833333333333336,1
SS-20515,491,6,613.4,102.23333333333333,6.0,0.32594473426801435,199.93449999999999,5,0.0,1
SS-20590,432,9,418.49,46.49888888888889,1.8888888888888888,0.3238789457334703,135.5401,9,0.0,1
SS-20875,120,15,964.636,64.30906666666667,2.6,-0.07835701756932148,-75.586,15,0.24000000000000002,1
ST-20530,125,12,433.34000000000003,36.11166666666667,2.75,0.19486292518576637,84.4419,12,0.20000000000000004,1
SU-20665,20,18,2595.364,144.1868888888889,3.388888888888889,0.2941675618525956,763.4719,18,0.13333333333333333,0
SV-20365,101,32,11470.949999999999,358.46718749999997,3.40625,0.10456188894555377,1199.4242,31,0.15625,0
SV-20785,320,25,4105.305,164.21220000000002,3.64,0.11814644709710971,485.0272,25,0.184,0
SV-20815,76,6,1271.0900000000001,211.84833333333336,4.0,0.15707007371625928,199.6502,6,0.19999999999999998,1
SV-20935,2,13,1903.491,146.4223846153846,5.076923076923077,0.0561553482522376,106.8912,13,0.23076923076923078,1
SW-20245,81,10,1085.078,108.5078,3.3,-0.01806893145008931,-19.60620000000001,10,0.25999999999999995,1
SW-20275,30,7,1966.65,280.95,4.0,0.16925863778506597,332.8725,7,0.028571428571428574,1
SW-20350,162,6,1019.044,169.84066666666666,4.166666666666667,0.09404726390617088,95.8383,6,0.21666666666666667,1
SW-20455,162,9,2921.544,324.616,2.0,0.27165594630784273,793.6548,9,0.1111111111111111,1
SW-20755,534,8,758.6959999999999,94.83699999999999,3.375,0.0899459071881228,68.2416,8,0.1,1
SZ-20035,35,20,3625.329,181.26645000000002,3.45,0.10107504725777992,366.43030000000005,20,0.22000000000000003,0
TA-21385,69,10,14595.62,1459.5620000000001,3.6,0.32227396301082106,4703.7883,10,0.07999999999999999,0
TB-21055,119,18,1467.881,81.54894444444444,3.6666666666666665,0.26583306139939133,390.2113,18,0.05555555555555555,0
TB-21175,58,11,3589.296,326.29963636363635,3.272727272727273,0.2310100643691688,829.1635,11,0.09090909090909091,1
TB-21190,49,4,816.1740000000001,204.04350000000002,5.75,0.21932063506066107,179.0038,4,0.025,1
TB-21250,349,19,1602.376,84.33557894736842,3.8947368421052633,0.1626431624038303,260.6155,19,0.2473684210526316,0
TB-21280,583,11,2198.45,199.8590909090909,3.1818181818181817,0.2233194750847188,490.9567,11,0.1,1
TB-21355,146,13,834.328,64.17907692307692,3.3846153846153846,0.322375612468957,268.967,13,0.06153846153846154,1
TB-21400,202,17,9133.99,537.2935294117647,3.235294117647059,0.306368728233773,2798.3689,17,0.07058823529411766,0
TB-21520,107,20,4737.486,236.8743,4.25,-0.3383746358300584,-1603.0451,20,0.265,0
TB-21595,285,7,1387.559,198.2227142857143,4.142857142857143,-0.0983086845316127,-136.4091,7,0.2714285714285714,1
TB-21625,30,15,2797.668,186.5112,4.0,0.13578523255797328,379.882,15,0.14,0
TC-20980,399,12,19052.218,1587.6848333333335,3.5,0.4714056862040945,8981.323900000001,12,0.11666666666666665,0
TC-21145,106,4,1038.26,259.565,4.25,0.2557482711459558,265.5332,4,0.0,1
TC-21295,27,16,4266.812,266.67575,3.9375,0.14211376081252233,606.3727,16,0.13125,0
TC-21475,153,11,1244.976,113.17963636363638,4.090909090909091,0.09566770765058924,119.104,11,0.2636363636363636,1
TC-21535,4,10,742.5580000000001,74.25580000000001,2.8,0.2934895321308234,217.933,10,0.11000000000000001,1
TD-20995,37,16,1434.5480000000002,89.65925000000001,4.1875,0.061475600677007664,88.1897,16,0.24375000000000002,1
TG-21310,337,9,3058.372,339.8191111111111,3.3333333333333335,0.22305017179074357,682.1704,9,0.2111111111111111,1
TG-21640,114,10,2074.661,207.4661,5.0,0.17627964279465416,365.7205,10,0.13,1
TH-21100,344,7,2422.824,346.11771428571427,4.142857142857143,-0.05580780939927952,-135.2125,7,0.17142857142857146,1
TH-21115,58,9,2942.772,326.9746666666667,3.2222222222222223,-0.08582176940653234,-252.5539,9,0.23333333333333334,1
TH-21235,117,13,1022.201,78.63084615384615,3.076923076923077,0.09071503549693259,92.729,13,0.2076923076923077,1
TH-21550,72,13,4234.0960000000005,325.6996923076923,3.3846153846153846,-0.13508616715350807,-571.9678,13,0.06923076923076922,1
TM-21010,103,19,2955.2259999999997,155.53821052631577,3.526315789473684,0.1939957553161755,573.3013,19,0.05263157894736842,0
TM-21490,130,4,1094.6779999999999,273.66949999999997,3.0,0.2672210458235207,292.52099999999996,4,0.05,1
TN-21040,90,12,3130.221,260.85175,4.0,-0.22108509271390103,-692.0452,12,0.19999999999999998,1
TP-21130,8,16,4454.0560000000005,278.37850000000003,3.4375,0.2535051422793067,1129.1261,16,0.08750000000000001,0
TP-21415,104,10,5329.0048,532.90048,3.9,-0.2040511954502274,-1087.3898,10,0.462,1
TP-21565,350,10,1936.6399999999999,193.664,4.8,0.07189188491407797,139.22869999999995,10,0.24,1
TR-21325,193,7,675.9419999999999,96.56314285714284,3.142857142857143,0.3260108115785083,220.36440000000002,7,0.028571428571428574,1
TS-21085,357,2,4.833,2.4165,2.0,-0.6860335195530726,-3.3156,2,0.7,1
TS-21160,504,17,2163.6240000000003,127.27200000000002,3.5294117647058822,0.12057289066861895,260.87440000000004,17,0.22352941176470587,1
TS-21205,198,19,5371.09,282.68894736842105,3.526315789473684,0.16065411303850802,862.8877,19,0.15789473684210525,0
TS-21340,226,12,974.7819999999999,81.23183333333333,4.25,-0.18976437808658755,-184.97889999999998,12,0.2833333333333333,1
TS-21370,36,15,11891.751,792.7834,3.933333333333333,0.19944198293422055,2371.7144000000003,15,0.11666666666666667,0
TS-21430,172,7,2054.14,293.4485714285714,4.428571428571429,0.023709046121491228,48.70169999999999,7,0.15714285714285717,1
TS-21505,11,14,2243.274,160.23385714285715,3.857142857142857,0.00507200636212963,11.377899999999983,14,0.19285714285714287,1
TS-21610,55,11,2820.424,256.4021818181818,4.0,-0.10448716221390827,-294.6981,11,0.3727272727272727,1
TS-21655,238,14,3368.094,240.57814285714286,3.7142857142857144,0.06559089502846416,220.91629999999998,14,0.19285714285714287,1
TT-21070,31,14,4915.602,351.11442857142856,4.714285714285714,0.15297347100111033,751.9567,14,0.1142857142857143,0
TT-21220,183,15,1427.0439999999999,95.13626666666666,3.6666666666666665,0.1953248112882294,278.7371,14,0.21333333333333335,1
TT-21265,406,3,439.5,146.5,2.6666666666666665,0.2136887372013652,93.9162,3,0.0,1
TT-21460,12,14,5364.808,383.20057142857144,3.4285714285714284,0.20960673709105712,1124.4999,14,0.1285714285714286,0
TW-21025,64,12,5278.826,439.9021666666667,4.75,0.13968835115989806,737.3905,12,0.10000000000000002,0
TZ-21580,35,9,1707.286,189.69844444444445,3.3333333333333335,0.13172292164288818,224.8887,9,0.08888888888888889,1
VB-21745,54,10,2005.596,200.5596,3.7,0.18510198464695782,371.2398,10,0.16999999999999998,1
VD-21670,581,16,6442.254,402.640875,4.4375,0.2511213311365867,1617.7874000000002,16,0.07500000000000001,0
VF-21715,13,11,847.944,77.08581818181818,3.1818181818181817,-0.11354287547290859,-96.27799999999999,11,0.06363636363636363,1
VG-21790,154,8,846.01,105.75125,4.0,0.16976962447252397,143.6268,8,0.07500000000000001,1
VG-21805,286,6,427.372,71.22866666666667,2.6666666666666665,-0.12245303857061295,-52.333,6,0.10000000000000002,1
VM-21685,54,12,2454.866,204.57216666666667,3.0833333333333335,0.20918734464528815,513.5269,12,0.10000000000000002,1
VM-21835,117,8,380.69,47.58625,3.125,0.30638393443484196,116.6373,8,0.11249999999999999,1
VP-21730,30,5,993.9019999999999,198.7804,3.6,0.2066489452682458,205.3888,5,0.04,1
VP-21760,75,14,3360.526,240.03757142857143,4.642857142857143,-0.303159921988403,-1018.7768,14,0.17142857142857143,1
VS-21820,221,8,1055.981,131.997625,4.75,-0.24887692108096643,-262.8093,8,0.475,1
VT-21700,1000,9,1736.596,192.9551111111111,4.666666666666667,-0.12903916627701548,-224.08889999999997,9,0.3333333333333333,1
VW-21775,28,18,6134.0380000000005,340.77988888888893,4.277777777777778,-0.14259195981505166,-874.6645,18,0.1611111111111111,0
WB-21850,20,37,6160.102,166.48924324324324,3.945945945945946,0.11596092077696116,714.3311,36,0.2054054054054054,0
XP-21865,43,28,2374.658,84.80921428571428,3.5714285714285716,0.26160819789628653,621.23,28,0.04642857142857143,0
YC-21895,4,8,5454.35,681.79375,3.875,0.23937389423120992,1305.629,8,0.07500000000000001,0
YS-21880,9,12,6720.4439999999995,560.0369999999999,4.833333333333333,0.2646093472395574,1778.2923,11,0.05000000000000001,0
ZC-21910,54,31,8025.707,258.8937741935484,3.3870967741935485,-0.12860536772648193,-1032.1490000000001,31,0.25483870967741934,0
ZD-21925,202,9,1493.944,165.99377777777778,3.5555555555555554,0.16676040065758824,249.1307,9,0.1111111111111111,1
